--
-- PostgreSQL database dump
--

\restrict 4dS8VW6nLtrUlK05ml3I8raXMY7ysFRC02XGMLblNtqA8BaswEj1HE0gT8of9lr

-- Dumped from database version 18.4 (Homebrew)
-- Dumped by pg_dump version 18.4 (Homebrew)

SET statement_timeout = 0;
SET lock_timeout = 0;
SET idle_in_transaction_session_timeout = 0;
SET transaction_timeout = 0;
SET client_encoding = 'UTF8';
SET standard_conforming_strings = on;
SELECT pg_catalog.set_config('search_path', '', false);
SET check_function_bodies = false;
SET xmloption = content;
SET client_min_messages = warning;
SET row_security = off;

--
-- Data for Name: budgets; Type: TABLE DATA; Schema: public; Owner: -
--

INSERT INTO public.budgets VALUES ('2025-12-01', 10, 1);
INSERT INTO public.budgets VALUES ('2026-01-01', 40, 10);
INSERT INTO public.budgets VALUES ('2026-02-01', 40, 20);
INSERT INTO public.budgets VALUES ('2026-03-01', 40, 30);
INSERT INTO public.budgets VALUES ('2026-04-01', 50, 40);
INSERT INTO public.budgets VALUES ('2026-05-01', 60, 50);
INSERT INTO public.budgets VALUES ('2026-06-01', 60, 60);
INSERT INTO public.budgets VALUES ('2026-07-01', 70, 70);


--
-- Data for Name: clusters; Type: TABLE DATA; Schema: public; Owner: -
--



--
-- Data for Name: users; Type: TABLE DATA; Schema: public; Owner: -
--

INSERT INTO public.users VALUES ('James Chen', 'James Chen');
INSERT INTO public.users VALUES ('Maria Santos', 'Maria Santos');
INSERT INTO public.users VALUES ('David Okafor', 'David Okafor');
INSERT INTO public.users VALUES ('Sofia Petrov', 'Sofia Petrov');
INSERT INTO public.users VALUES ('Robert Kim', 'Robert Kim');
INSERT INTO public.users VALUES ('Elena Vasquez', 'Elena Vasquez');
INSERT INTO public.users VALUES ('Michael Johansson', 'Michael Johansson');
INSERT INTO public.users VALUES ('Priya Sharma', 'Priya Sharma');
INSERT INTO public.users VALUES ('William Tanaka', 'William Tanaka');
INSERT INTO public.users VALUES ('Fatima Al-Hassan', 'Fatima Al-Hassan');
INSERT INTO public.users VALUES ('Daniel Moreau', 'Daniel Moreau');
INSERT INTO public.users VALUES ('Keiko Nakamura', 'Keiko Nakamura');
INSERT INTO public.users VALUES ('Ahmed Farouk', 'Ahmed Farouk');
INSERT INTO public.users VALUES ('Sarah Lindgren', 'Sarah Lindgren');
INSERT INTO public.users VALUES ('Carlos Rivera', 'Carlos Rivera');
INSERT INTO public.users VALUES ('Mei-Lin Wu', 'Mei-Lin Wu');
INSERT INTO public.users VALUES ('Thomas Brennan', 'Thomas Brennan');
INSERT INTO public.users VALUES ('Amara Diallo', 'Amara Diallo');
INSERT INTO public.users VALUES ('John Kowalski', 'John Kowalski');
INSERT INTO public.users VALUES ('Yuki Sato', 'Yuki Sato');
INSERT INTO public.users VALUES ('Samuel Achebe', 'Samuel Achebe');
INSERT INTO public.users VALUES ('Lucia Ferretti', 'Lucia Ferretti');
INSERT INTO public.users VALUES ('Kevin O''Brien', 'Kevin O''Brien');
INSERT INTO public.users VALUES ('Nadia Kuznetsova', 'Nadia Kuznetsova');
INSERT INTO public.users VALUES ('Marcus Webb', 'Marcus Webb');
INSERT INTO public.users VALUES ('Aisha Mohamed', 'Aisha Mohamed');
INSERT INTO public.users VALUES ('Ryan Gallagher', 'Ryan Gallagher');
INSERT INTO public.users VALUES ('Clara Hoffmann', 'Clara Hoffmann');
INSERT INTO public.users VALUES ('Nathan Reyes', 'Nathan Reyes');
INSERT INTO public.users VALUES ('Ingrid Bergstrom', 'Ingrid Bergstrom');
INSERT INTO public.users VALUES ('Omar Haddad', 'Omar Haddad');
INSERT INTO public.users VALUES ('Hannah Fitzgerald', 'Hannah Fitzgerald');
INSERT INTO public.users VALUES ('Victor Almeida', 'Victor Almeida');
INSERT INTO public.users VALUES ('Leila Rahimi', 'Leila Rahimi');
INSERT INTO public.users VALUES ('Patrick Duval', 'Patrick Duval');
INSERT INTO public.users VALUES ('Zara Yilmaz', 'Zara Yilmaz');
INSERT INTO public.users VALUES ('Henry Larsson', 'Henry Larsson');
INSERT INTO public.users VALUES ('Camille Laurent', 'Camille Laurent');
INSERT INTO public.users VALUES ('Leo Gutierrez', 'Leo Gutierrez');
INSERT INTO public.users VALUES ('Sana Kapoor', 'Sana Kapoor');
INSERT INTO public.users VALUES ('Derek Hanson', 'Derek Hanson');
INSERT INTO public.users VALUES ('Iris Papadopoulos', 'Iris Papadopoulos');
INSERT INTO public.users VALUES ('Felix Müller', 'Felix Müller');
INSERT INTO public.users VALUES ('Jasmine Osei', 'Jasmine Osei');
INSERT INTO public.users VALUES ('Andre Martineau', 'Andre Martineau');
INSERT INTO public.users VALUES ('Lena Volkov', 'Lena Volkov');
INSERT INTO public.users VALUES ('Noah Whitfield', 'Noah Whitfield');
INSERT INTO public.users VALUES ('Vivian Chang', 'Vivian Chang');
INSERT INTO public.users VALUES ('Eric Bouchard', 'Eric Bouchard');
INSERT INTO public.users VALUES ('Maya Ishikawa', 'Maya Ishikawa');


--
-- Data for Name: kudos; Type: TABLE DATA; Schema: public; Owner: -
--

INSERT INTO public.kudos VALUES (450, 'Kevin O''Brien', 'Omar Haddad', 'sim', '6', 'Really appreciate you writing the performance profiling guide that helps engineers find bottlenecks without instrumentation expertise.', '2025-12-01 00:00:00-07', '2025-12-01 00:00:00-07', 453, NULL, false);
INSERT INTO public.kudos VALUES (457, 'Hannah Fitzgerald', 'Omar Haddad', 'sim', '13', 'Thanks for spending time with me after the sprint retro to help me improve how I communicate blockers.', '2025-12-15 00:00:00-07', '2025-12-15 00:00:00-07', 462, NULL, false);
INSERT INTO public.kudos VALUES (462, 'Omar Haddad', 'Hannah Fitzgerald', 'sim', '18', 'Really appreciate you running the inter-team retrospective after the failed deployment so all contributing teams could learn from the incident together.', '2025-12-29 00:00:00-07', '2025-12-29 00:00:00-07', 461, NULL, false);
INSERT INTO public.kudos VALUES (451, 'William Tanaka', 'Omar Haddad', 'sim', '7', 'Thanks for explaining how to structure a long-running background process to report progress and handle cancellation.', '2025-12-15 00:00:00-07', '2025-12-08 00:00:00-07', 475, NULL, false);
INSERT INTO public.kudos VALUES (453, 'William Tanaka', 'Kevin O''Brien', 'sim', '9', 'Really appreciate you migrating the file storage from local disk to S3 so the app works across multiple instances.', '2025-12-08 00:00:00-07', '2025-12-08 00:00:00-07', 477, NULL, false);
INSERT INTO public.kudos VALUES (467, 'Omar Haddad', 'Hannah Fitzgerald', 'sim', '23', 'Thanks for walking me through how to write a data contract between two services so both teams can work independently.', '2025-12-29 00:00:00-07', '2025-12-29 00:00:00-07', 482, NULL, true);
INSERT INTO public.kudos VALUES (459, 'Hannah Fitzgerald', 'Priya Sharma', 'sim', '15', 'Thanks for adding the circuit breaker around the third-party email service to prevent cascading failures.', '2026-01-05 00:00:00-07', '2025-12-22 00:00:00-07', 484, NULL, false);
INSERT INTO public.kudos VALUES (444, 'Mei-Lin Wu', 'Hannah Fitzgerald', 'sim', '0', 'Great work making sure the mobile team''s edge cases were included in the backend API design from the start.', '2025-12-15 00:00:00-07', '2025-12-01 00:00:00-07', 485, NULL, false);
INSERT INTO public.kudos VALUES (464, 'Hannah Fitzgerald', 'Daniel Moreau', 'sim', '20', 'Really appreciate you coordinating the inter-team effort to replace the shared legacy authentication module with minimal disruption.', '2025-12-29 00:00:00-07', '2025-12-29 00:00:00-07', 493, NULL, true);
INSERT INTO public.kudos VALUES (466, 'Hannah Fitzgerald', 'Omar Haddad', 'sim', '22', 'Thank you for reviewing my technical design document and pointing out the edge cases I had missed.', '2025-12-29 00:00:00-07', '2025-12-29 00:00:00-07', 494, NULL, true);
INSERT INTO public.kudos VALUES (449, 'John Kowalski', 'Omar Haddad', 'sim', '5', 'Thanks for catching the missing input validation that was allowing negative amounts in the fund transfer API.', '2025-12-01 00:00:00-07', '2025-12-01 00:00:00-07', 496, NULL, false);
INSERT INTO public.kudos VALUES (497, 'David Okafor', 'Lena Volkov', 'sim', '53', 'Appreciate you walking me through how to use the internal admin tool to debug customer account issues safely.', NULL, '2026-01-12 00:00:00-07', 491, NULL, false);
INSERT INTO public.kudos VALUES (475, 'Omar Haddad', 'William Tanaka', 'sim', '31', 'Thanks for bridging the gap between the UX team and engineering by writing user stories that both sides understood.', '2026-01-05 00:00:00-07', '2026-01-05 00:00:00-07', 498, NULL, false);
INSERT INTO public.kudos VALUES (476, 'Omar Haddad', 'Michael Johansson', 'sim', '32', 'Thanks for proactively sharing the test results with the partner team before they asked for them.', '2026-01-12 00:00:00-07', '2026-01-05 00:00:00-07', 499, NULL, false);
INSERT INTO public.kudos VALUES (458, 'Mei-Lin Wu', 'Omar Haddad', 'sim', '14', 'I really appreciate you walking me through how to trace a slow database query from the application log to the query plan.', '2025-12-29 00:00:00-07', '2025-12-22 00:00:00-07', 501, NULL, false);
INSERT INTO public.kudos VALUES (482, 'Priya Sharma', 'Omar Haddad', 'sim', '38', 'Really appreciate you setting up the API gateway caching that reduced calls to the backend by 40%.', '2026-01-05 00:00:00-07', '2026-01-05 00:00:00-07', 502, NULL, false);
INSERT INTO public.kudos VALUES (446, 'Omar Haddad', 'Henry Larsson', 'sim', '2', 'Thanks for coaching me on how to write a concise incident summary that helps the on-call team understand what happened.', '2026-01-12 00:00:00-07', '2025-12-01 00:00:00-07', 445, NULL, false);
INSERT INTO public.kudos VALUES (489, 'Michael Johansson', 'Clara Hoffmann', 'sim', '45', 'Appreciate you creating the shared project tracker so all three teams could see progress in one place.', '2026-01-19 00:00:00-07', '2026-01-12 00:00:00-07', 476, NULL, false);
INSERT INTO public.kudos VALUES (445, 'Daniel Moreau', 'Omar Haddad', 'sim', '1', 'Really appreciate you taking the time to write up a detailed cross-team FAQ after the major platform change.', '2025-12-01 00:00:00-07', '2025-12-01 00:00:00-07', 506, NULL, false);
INSERT INTO public.kudos VALUES (447, 'Omar Haddad', 'Henry Larsson', 'sim', '3', 'Really grateful you walked me through how to use the internal monitoring dashboard to spot anomalies.', '2026-01-19 00:00:00-07', '2025-12-01 00:00:00-07', 449, NULL, false);
INSERT INTO public.kudos VALUES (478, 'Omar Haddad', 'Clara Hoffmann', 'sim', '34', 'Thanks for coordinating with the testing team to ensure they had early access to the feature flag so they could begin test planning.', '2026-01-05 00:00:00-07', '2026-01-05 00:00:00-07', 507, NULL, false);
INSERT INTO public.kudos VALUES (507, 'Henry Larsson', 'Omar Haddad', 'sim', '63', 'Appreciate you hosting a session on how to write SQL views that are reusable and do not duplicate business logic.', '2026-01-19 00:00:00-07', '2026-01-19 00:00:00-07', 463, NULL, false);
INSERT INTO public.kudos VALUES (506, 'Clara Hoffmann', 'Daniel Moreau', 'sim', '62', 'Thanks for volunteering to write the cross-team dependency map before the big Q3 planning cycle so everyone had the full picture.', '2026-01-19 00:00:00-07', '2026-01-19 00:00:00-07', 509, NULL, false);
INSERT INTO public.kudos VALUES (481, 'Hannah Fitzgerald', 'William Tanaka', 'sim', '37', 'Thanks for taking time to explain how our chaos engineering tests work and what failures they are designed to catch.', '2026-01-05 00:00:00-07', '2026-01-05 00:00:00-07', 511, NULL, false);
INSERT INTO public.kudos VALUES (470, 'Daniel Moreau', 'Omar Haddad', 'sim', '26', 'Great job taking ownership of the performance regression investigation across five services and delivering a root cause within 24 hours.', '2025-12-29 00:00:00-07', '2025-12-29 00:00:00-07', 512, NULL, true);
INSERT INTO public.kudos VALUES (499, 'Hannah Fitzgerald', 'Omar Haddad', 'sim', '55', 'I really appreciated you explaining how to write a custom ESLint rule to enforce the team''s coding standards automatically.', '2026-01-12 00:00:00-07', '2026-01-12 00:00:00-07', 513, NULL, false);
INSERT INTO public.kudos VALUES (463, 'William Tanaka', 'Henry Larsson', 'sim', '19', 'Thanks for proactively reaching out to the QA team before the deploy to make sure they had everything they needed.', '2026-01-19 00:00:00-07', '2025-12-29 00:00:00-07', 514, NULL, false);
INSERT INTO public.kudos VALUES (455, 'Omar Haddad', 'Kevin O''Brien', 'sim', '11', 'Thanks for coordinating the cross-team effort to build the shared component that replaced five different custom date picker implementations.', '2026-01-26 00:00:00-07', '2025-12-15 00:00:00-07', 457, NULL, false);
INSERT INTO public.kudos VALUES (469, 'William Tanaka', 'Omar Haddad', 'sim', '25', 'Great job writing the migration that normalizes the denormalized address fields without losing any data.', '2025-12-29 00:00:00-07', '2025-12-29 00:00:00-07', 518, NULL, true);
INSERT INTO public.kudos VALUES (480, 'Omar Haddad', 'Kevin O''Brien', 'sim', '36', 'Really appreciate you walking me through how to tune JVM garbage collection settings for our batch jobs.', '2026-01-26 00:00:00-07', '2026-01-05 00:00:00-07', 516, NULL, false);
INSERT INTO public.kudos VALUES (486, 'Noah Whitfield', 'Kevin O''Brien', 'sim', '42', 'Appreciate you taking on the painful task of resolving the git history conflicts across four long-running branches.', '2026-01-26 00:00:00-07', '2026-01-05 00:00:00-07', NULL, NULL, false);
INSERT INTO public.kudos VALUES (518, 'Kevin O''Brien', 'William Tanaka', 'sim', '74', 'Appreciate you hosting a lunch session on how to write better product requirements from an engineering perspective.', '2026-01-26 00:00:00-07', '2026-01-26 00:00:00-07', 480, NULL, false);
INSERT INTO public.kudos VALUES (520, 'Maya Ishikawa', 'William Tanaka', 'sim', '76', 'Great job writing the migration that normalizes the denormalized address fields without losing any data.', '2026-01-26 00:00:00-07', '2026-01-26 00:00:00-07', NULL, NULL, false);
INSERT INTO public.kudos VALUES (471, 'William Tanaka', 'Omar Haddad', 'sim', '27', 'Appreciate you spending extra time on the user research synthesis to surface the insight that changed the direction of the sprint.', '2025-12-29 00:00:00-07', '2025-12-29 00:00:00-07', 520, NULL, true);
INSERT INTO public.kudos VALUES (477, 'Mei-Lin Wu', 'William Tanaka', 'sim', '33', 'Really appreciate you proactively reaching out to the affected teams when the upstream service change was deployed early.', '2026-01-05 00:00:00-07', '2026-01-05 00:00:00-07', 521, NULL, false);
INSERT INTO public.kudos VALUES (505, 'Henry Larsson', 'Kevin O''Brien', 'sim', '61', 'Thanks for coordinating the cross-functional war room during the service degradation and keeping everyone aligned on next steps.', '2026-01-26 00:00:00-07', '2026-01-12 00:00:00-07', 446, NULL, true);
INSERT INTO public.kudos VALUES (456, 'William Tanaka', 'Amara Diallo', 'sim', '12', 'Appreciate you reviewing my first technical blog post and helping me make it clearer and more accurate.', '2026-02-02 00:00:00-07', '2025-12-15 00:00:00-07', 481, NULL, false);
INSERT INTO public.kudos VALUES (484, 'Omar Haddad', 'Hannah Fitzgerald', 'sim', '40', 'Really appreciate you implementing the correct schema evolution strategy in Avro so existing consumers keep working.', '2026-01-05 00:00:00-07', '2026-01-05 00:00:00-07', 530, NULL, false);
INSERT INTO public.kudos VALUES (521, 'Kevin O''Brien', 'Mei-Lin Wu', 'sim', '77', 'Thanks for catching the missing authorization on the internal API that was accessible from the public internet.', '2026-01-26 00:00:00-07', '2026-01-26 00:00:00-07', 535, NULL, false);
INSERT INTO public.kudos VALUES (485, 'Omar Haddad', 'Mei-Lin Wu', 'sim', '41', 'Thanks for coordinating the cross-functional war room during the service degradation and keeping everyone aligned on next steps.', '2026-01-05 00:00:00-07', '2026-01-05 00:00:00-07', 536, NULL, false);
INSERT INTO public.kudos VALUES (479, 'William Tanaka', 'Omar Haddad', 'sim', '35', 'Thanks for explaining how to use the internal chaos monkey to verify our services recover correctly from failures.', '2026-01-05 00:00:00-07', '2026-01-05 00:00:00-07', 538, NULL, false);
INSERT INTO public.kudos VALUES (460, 'William Tanaka', 'Sana Kapoor', 'sim', '16', 'Appreciate you identifying and fixing the hot partition in DynamoDB that was causing throttling.', '2026-02-02 00:00:00-07', '2025-12-22 00:00:00-07', 504, NULL, false);
INSERT INTO public.kudos VALUES (474, 'Omar Haddad', 'Sana Kapoor', 'sim', '30', 'Appreciate you making sure the platform team''s constraints were clearly documented before product started prioritizing features that depended on them.', '2026-02-02 00:00:00-07', '2026-01-05 00:00:00-07', 492, NULL, false);
INSERT INTO public.kudos VALUES (539, 'Sana Kapoor', 'Omar Haddad', 'sim', '95', 'Thank you for proactively coordinating with every team that uses the shared library to schedule a coordinated upgrade before the old version hit end-of-life.', '2026-02-02 00:00:00-07', '2026-02-02 00:00:00-07', 474, NULL, false);
INSERT INTO public.kudos VALUES (490, 'Omar Haddad', 'Kevin O''Brien', 'sim', '46', 'Thanks for coordinating the cross-team effort to build the shared feature flag service that all product teams now rely on.', '2026-01-26 00:00:00-07', '2026-01-12 00:00:00-07', 541, NULL, true);
INSERT INTO public.kudos VALUES (468, 'Sofia Petrov', 'Hannah Fitzgerald', 'sim', '24', 'Thanks for replacing the inefficient nested loop with a hash map lookup, cutting runtime from O(n²) to O(n).', '2025-12-29 00:00:00-07', '2025-12-29 00:00:00-07', 542, NULL, true);
INSERT INTO public.kudos VALUES (491, 'Omar Haddad', 'David Okafor', 'sim', '47', 'Great work facilitating the handoff meeting between the research team and the engineering team with a clear set of open questions.', '2026-01-12 00:00:00-07', '2026-01-12 00:00:00-07', 544, NULL, false);
INSERT INTO public.kudos VALUES (546, 'Sofia Petrov', 'Mei-Lin Wu', 'sim', '102', 'Thank you for explaining how to write a Helm chart that is flexible enough for multiple deployment environments.', '2026-02-09 00:00:00-07', '2026-02-09 00:00:00-07', NULL, NULL, false);
INSERT INTO public.kudos VALUES (508, 'Mei-Lin Wu', 'Ryan Gallagher', 'sim', '64', 'Thank you for helping me understand how to write test fixtures that are maintainable as requirements change.', NULL, '2026-01-19 00:00:00-07', 546, NULL, false);
INSERT INTO public.kudos VALUES (493, 'Omar Haddad', 'Hannah Fitzgerald', 'sim', '49', 'Thanks for organizing the inter-team working group that resolved the ownership ambiguity around the notification delivery service.', '2026-01-12 00:00:00-07', '2026-01-12 00:00:00-07', 547, NULL, false);
INSERT INTO public.kudos VALUES (547, 'Daniel Moreau', 'Omar Haddad', 'sim', '103', 'Thank you for coaching me on how to write a quarterly self-assessment that highlights my contributions clearly.', '2026-02-09 00:00:00-07', '2026-02-09 00:00:00-07', 533, NULL, false);
INSERT INTO public.kudos VALUES (492, 'Yuki Sato', 'Omar Haddad', 'sim', '48', 'Really appreciate you coordinating the cross-team effort to deprecate the old mobile API endpoints with clear communication to all impacted teams.', '2026-01-12 00:00:00-07', '2026-01-12 00:00:00-07', 549, NULL, false);
INSERT INTO public.kudos VALUES (488, 'William Tanaka', 'Omar Haddad', 'sim', '44', 'Thanks for setting up the Slack bot that posts cross-team release notes automatically to all relevant channels.', '2026-01-12 00:00:00-07', '2026-01-12 00:00:00-07', 553, NULL, false);
INSERT INTO public.kudos VALUES (512, 'Hannah Fitzgerald', 'Daniel Moreau', 'sim', '68', 'Really appreciate you catching the misconfigured load balancer before the Black Friday traffic spike would have taken the site down.', '2026-01-19 00:00:00-07', '2026-01-19 00:00:00-07', 555, NULL, false);
INSERT INTO public.kudos VALUES (494, 'Omar Haddad', 'Hannah Fitzgerald', 'sim', '50', 'Thanks for writing up the onboarding doc for the new contractor so they could hit the ground running.', '2026-01-12 00:00:00-07', '2026-01-12 00:00:00-07', 556, NULL, false);
INSERT INTO public.kudos VALUES (501, 'Omar Haddad', 'Mei-Lin Wu', 'sim', '57', 'Great work extracting the inline SQL into parameterized stored procedures to prevent injection.', '2026-01-12 00:00:00-07', '2026-01-12 00:00:00-07', 559, NULL, false);
INSERT INTO public.kudos VALUES (560, 'Daniel Moreau', 'Felix Müller', 'sim', '116', 'Thanks for building the internal search tool over a weekend that let the support team find customer records in seconds instead of minutes.', NULL, '2026-02-16 00:00:00-07', 543, NULL, false);
INSERT INTO public.kudos VALUES (523, 'Hannah Fitzgerald', 'William Tanaka', 'sim', '79', 'Appreciate you consolidating the three separate logging libraries into one consistent setup.', '2026-01-26 00:00:00-07', '2026-01-26 00:00:00-07', 561, NULL, true);
INSERT INTO public.kudos VALUES (496, 'William Tanaka', 'John Kowalski', 'sim', '52', 'Thanks for walking me through how to use the query plan analyzer to find slow queries in our database.', '2026-01-12 00:00:00-07', '2026-01-12 00:00:00-07', 563, NULL, false);
INSERT INTO public.kudos VALUES (498, 'William Tanaka', 'Omar Haddad', 'sim', '54', 'Thank you for spending time explaining how to properly scope a spike so it ends with a clear recommendation.', '2026-01-12 00:00:00-07', '2026-01-12 00:00:00-07', 564, NULL, false);
INSERT INTO public.kudos VALUES (502, 'Omar Haddad', 'Priya Sharma', 'sim', '58', 'Thanks for adding the circuit breaker around the third-party email service to prevent cascading failures.', '2026-01-12 00:00:00-07', '2026-01-12 00:00:00-07', 565, NULL, false);
INSERT INTO public.kudos VALUES (504, 'Omar Haddad', 'William Tanaka', 'sim', '60', 'Great job taking the time to create a detailed migration guide for every breaking change in the new SDK version.', '2026-01-12 00:00:00-07', '2026-01-12 00:00:00-07', 566, NULL, false);
INSERT INTO public.kudos VALUES (565, 'Kevin O''Brien', 'Omar Haddad', 'sim', '121', 'Thanks for scheduling the sync between legal and engineering to get the compliance questions resolved quickly.', '2026-02-23 00:00:00-07', '2026-02-23 00:00:00-07', 557, NULL, false);
INSERT INTO public.kudos VALUES (526, 'William Tanaka', 'Hannah Fitzgerald', 'sim', '82', 'Great job proactively filing a feature request with the cloud provider and following up weekly until the needed capability was added.', '2026-01-26 00:00:00-07', '2026-01-26 00:00:00-07', 567, NULL, true);
INSERT INTO public.kudos VALUES (509, 'Omar Haddad', 'Clara Hoffmann', 'sim', '65', 'Thanks for coaching me on how to build a habit of writing tests first so I design simpler interfaces by default.', '2026-01-19 00:00:00-07', '2026-01-19 00:00:00-07', 568, NULL, false);
INSERT INTO public.kudos VALUES (527, 'William Tanaka', 'Omar Haddad', 'sim', '83', 'Appreciate you proactively writing the ADR for the caching layer change so the decision wouldn''t be relitigated every quarter.', '2026-01-26 00:00:00-07', '2026-01-26 00:00:00-07', 569, NULL, true);
INSERT INTO public.kudos VALUES (514, 'Omar Haddad', 'William Tanaka', 'sim', '70', 'Thanks for organizing the joint code standards review that helped two merging teams converge on a single set of style guidelines.', '2026-01-26 00:00:00-07', '2026-01-26 00:00:00-07', 572, NULL, false);
INSERT INTO public.kudos VALUES (571, 'Henry Larsson', 'Omar Haddad', 'sim', '127', 'Thanks for catching the broken access control that let users view each other''s private documents.', '2026-02-23 00:00:00-07', '2026-02-23 00:00:00-07', 540, NULL, false);
INSERT INTO public.kudos VALUES (454, 'Omar Haddad', 'Nathan Reyes', 'sim', '10', 'Thanks for organizing the collaborative requirements gathering session that brought together product, design, and engineering.', '2026-02-23 00:00:00-07', '2025-12-15 00:00:00-07', 451, NULL, false);
INSERT INTO public.kudos VALUES (528, 'Hannah Fitzgerald', 'Daniel Moreau', 'sim', '84', 'Thanks for connecting the platform team with the vendor''s support team to resolve the infrastructure issue faster.', '2026-02-09 00:00:00-07', '2026-02-02 00:00:00-07', 574, NULL, false);
INSERT INTO public.kudos VALUES (575, 'Sofia Petrov', 'William Tanaka', 'sim', '131', 'Thanks for finishing the audit log retention archival script before the storage costs triggered the budget alert.', '2026-02-23 00:00:00-07', '2026-02-23 00:00:00-07', NULL, NULL, true);
INSERT INTO public.kudos VALUES (515, 'Omar Haddad', 'Kevin O''Brien', 'sim', '71', 'Appreciate you explaining how to write a transactional outbox pattern to reliably publish events after a database write.', '2026-01-26 00:00:00-07', '2026-01-26 00:00:00-07', 576, NULL, true);
INSERT INTO public.kudos VALUES (530, 'Hannah Fitzgerald', 'Omar Haddad', 'sim', '86', 'Thanks for explaining how to use the internal compliance checklist before submitting a new data processing feature for review.', '2026-02-02 00:00:00-07', '2026-02-02 00:00:00-07', 580, NULL, false);
INSERT INTO public.kudos VALUES (532, 'William Tanaka', 'Henry Larsson', 'sim', '88', 'I really appreciate you explaining how to use the profiler to identify bottlenecks in my Python code.', '2026-02-16 00:00:00-07', '2026-02-02 00:00:00-07', 581, NULL, false);
INSERT INTO public.kudos VALUES (535, 'William Tanaka', 'Kevin O''Brien', 'sim', '91', 'Thanks for taking time to explain how to profile a slow Python script and identify the function that needs optimization.', '2026-02-02 00:00:00-07', '2026-02-02 00:00:00-07', 582, NULL, false);
INSERT INTO public.kudos VALUES (582, 'Daniel Moreau', 'William Tanaka', 'sim', '138', 'Thanks for writing the custom assertion library that makes test failures describe the business rule that broke.', '2026-03-02 00:00:00-07', '2026-03-02 00:00:00-07', 562, NULL, false);
INSERT INTO public.kudos VALUES (533, 'Hannah Fitzgerald', 'Daniel Moreau', 'sim', '89', 'Appreciate you walking me through how to do a safe schema migration on a live database with zero downtime.', '2026-02-09 00:00:00-07', '2026-02-02 00:00:00-07', 585, NULL, false);
INSERT INTO public.kudos VALUES (517, 'Omar Haddad', 'Daniel Moreau', 'sim', '73', 'I really appreciate you walking me through how to write a fanout worker that processes tasks in parallel without overwhelming downstream services.', '2026-01-26 00:00:00-07', '2026-01-26 00:00:00-07', 586, NULL, false);
INSERT INTO public.kudos VALUES (529, 'Amara Diallo', 'Omar Haddad', 'sim', '85', 'Great job making sure the accessibility team was included in the design review instead of being brought in at the end.', '2026-02-02 00:00:00-07', '2026-02-02 00:00:00-07', 588, NULL, false);
INSERT INTO public.kudos VALUES (511, 'Michael Johansson', 'Hannah Fitzgerald', 'sim', '67', 'Appreciate you fixing the broken health endpoint that was timing out and causing false alarms for the on-call team.', '2026-01-19 00:00:00-07', '2026-01-19 00:00:00-07', 589, NULL, false);
INSERT INTO public.kudos VALUES (522, 'Omar Haddad', 'Kevin O''Brien', 'sim', '78', 'Really appreciate you adding the missing compression to the S3 uploads, reducing storage costs by 35%.', '2026-01-26 00:00:00-07', '2026-01-26 00:00:00-07', 590, NULL, true);
INSERT INTO public.kudos VALUES (554, 'Henry Larsson', 'Clara Hoffmann', 'sim', '110', 'Appreciate you coaching me on how to negotiate a realistic deadline by breaking down the work transparently.', '2026-03-09 00:00:00-06', '2026-02-16 00:00:00-07', 532, NULL, false);
INSERT INTO public.kudos VALUES (531, 'Omar Haddad', 'Hannah Fitzgerald', 'sim', '87', 'Thanks for coaching me on how to turn vague feedback I received into a concrete improvement plan.', '2026-02-02 00:00:00-07', '2026-02-02 00:00:00-07', 591, NULL, false);
INSERT INTO public.kudos VALUES (590, 'Clara Hoffmann', 'Omar Haddad', 'sim', '146', 'I really appreciated you walking me through how to use the internal deployment rollback procedure during a live incident.', '2026-03-09 00:00:00-06', '2026-03-09 00:00:00-06', 554, NULL, false);
INSERT INTO public.kudos VALUES (536, 'William Tanaka', 'Omar Haddad', 'sim', '92', 'Thanks for adding the missing retry for the S3 multipart upload that was failing silently on network blips.', '2026-02-02 00:00:00-07', '2026-02-02 00:00:00-07', 592, NULL, false);
INSERT INTO public.kudos VALUES (556, 'Hannah Fitzgerald', 'Omar Haddad', 'sim', '112', 'Appreciate you explaining how to write a database seed script that works reliably across all developer environments.', '2026-02-16 00:00:00-07', '2026-02-16 00:00:00-07', 593, NULL, false);
INSERT INTO public.kudos VALUES (592, 'Daniel Moreau', 'William Tanaka', 'sim', '148', 'Appreciate you explaining how to write a scheduled task that is safe to run multiple times without duplicating work.', '2026-03-09 00:00:00-06', '2026-03-09 00:00:00-06', 578, NULL, false);
INSERT INTO public.kudos VALUES (534, 'Omar Haddad', 'Nathan Reyes', 'sim', '90', 'Thank you for coaching me through a conflict with a colleague on a technical decision and helping me prepare for that conversation.', NULL, '2026-02-02 00:00:00-07', 594, NULL, false);
INSERT INTO public.kudos VALUES (596, 'Keiko Nakamura', 'Omar Haddad', 'sim', '152', 'Great catch noticing the API was returning full stack traces in error responses visible to end users.', '2026-03-09 00:00:00-06', '2026-03-09 00:00:00-06', NULL, NULL, false);
INSERT INTO public.kudos VALUES (537, 'Omar Haddad', 'Henry Larsson', 'sim', '93', 'Great job going through the entire test suite and fixing every intermittently failing test before they became everyone''s problem.', '2026-02-23 00:00:00-07', '2026-02-02 00:00:00-07', 596, NULL, false);
INSERT INTO public.kudos VALUES (538, 'Omar Haddad', 'William Tanaka', 'sim', '94', 'Really appreciate you leading the incident response at 2am and keeping the team calm and focused.', '2026-02-02 00:00:00-07', '2026-02-02 00:00:00-07', 597, NULL, false);
INSERT INTO public.kudos VALUES (598, 'Thomas Brennan', 'Hannah Fitzgerald', 'sim', '154', 'Really appreciate you removing the synchronous database calls from the request path by moving them to background workers.', '2026-03-09 00:00:00-06', '2026-03-09 00:00:00-06', NULL, NULL, false);
INSERT INTO public.kudos VALUES (563, 'Hannah Fitzgerald', 'William Tanaka', 'sim', '119', 'Thanks for organizing the joint kickoff call with the vendor''s technical team and our platform team to align on the integration plan.', '2026-02-23 00:00:00-07', '2026-02-23 00:00:00-07', 598, NULL, false);
INSERT INTO public.kudos VALUES (541, 'William Tanaka', 'Omar Haddad', 'sim', '97', 'Appreciate you suggesting we use the existing CI artifact storage to cache the compiled assets across runs instead of rebuilding them each time.', '2026-02-02 00:00:00-07', '2026-02-02 00:00:00-07', 599, NULL, false);
INSERT INTO public.kudos VALUES (568, 'Hannah Fitzgerald', 'Omar Haddad', 'sim', '124', 'Thanks for hosting a session on how to write SQL that handles NULL values correctly and avoids subtle bugs.', '2026-02-23 00:00:00-07', '2026-02-23 00:00:00-07', 600, NULL, false);
INSERT INTO public.kudos VALUES (465, 'Omar Haddad', 'Maria Santos', 'sim', '21', 'Really appreciate you walking me through how to tune JVM garbage collection settings for our batch jobs.', '2026-03-09 00:00:00-06', '2025-12-29 00:00:00-07', 479, NULL, false);
INSERT INTO public.kudos VALUES (603, 'Keiko Nakamura', 'Omar Haddad', 'sim', '159', 'Thanks for writing the migration that split the monolithic users table into separate profile and authentication tables without downtime.', '2026-03-09 00:00:00-06', '2026-03-09 00:00:00-06', NULL, NULL, false);
INSERT INTO public.kudos VALUES (542, 'Omar Haddad', 'Sofia Petrov', 'sim', '98', 'Really appreciate you reaching out to the other team lead to resolve the priority conflict before it escalated.', '2026-02-09 00:00:00-07', '2026-02-09 00:00:00-07', 603, NULL, false);
INSERT INTO public.kudos VALUES (544, 'William Tanaka', 'Omar Haddad', 'sim', '100', 'Great work helping the newly formed team ramp up by sharing your team''s runbooks and process docs.', '2026-02-09 00:00:00-07', '2026-02-09 00:00:00-07', 605, NULL, false);
INSERT INTO public.kudos VALUES (452, 'Clara Hoffmann', 'Leo Gutierrez', 'sim', '8', 'Great work extracting the inline SQL into parameterized stored procedures to prevent injection.', '2026-03-09 00:00:00-06', '2025-12-08 00:00:00-07', 478, NULL, false);
INSERT INTO public.kudos VALUES (543, 'Omar Haddad', 'Daniel Moreau', 'sim', '99', 'Really appreciate you taking the time to walk the new team through our CI/CD pipeline so they didn''t have to figure it out alone.', '2026-02-16 00:00:00-07', '2026-02-09 00:00:00-07', 607, NULL, false);
INSERT INTO public.kudos VALUES (510, 'Omar Haddad', 'Leo Gutierrez', 'sim', '66', 'Great catch spotting the race condition between the token refresh and the concurrent API request in the mobile SDK.', '2026-03-16 00:00:00-06', '2026-01-19 00:00:00-07', 571, NULL, false);
INSERT INTO public.kudos VALUES (607, 'Leo Gutierrez', 'Omar Haddad', 'sim', '163', 'Thanks for personally verifying every line of the data mapping spreadsheet before the migration ran against production.', '2026-03-09 00:00:00-06', '2026-03-09 00:00:00-06', 510, NULL, false);
INSERT INTO public.kudos VALUES (548, 'Omar Haddad', 'Daniel Moreau', 'sim', '104', 'Thanks for explaining how to use the internal compliance checklist before submitting a new data processing feature for review.', '2026-03-02 00:00:00-07', '2026-02-09 00:00:00-07', 609, NULL, false);
INSERT INTO public.kudos VALUES (601, 'Maria Santos', 'Henry Larsson', 'sim', '157', 'Thanks for rewriting the slow database queries that were causing timeout errors, even though it was outside your assigned scope.', '2026-03-16 00:00:00-06', '2026-03-09 00:00:00-06', 465, NULL, false);
INSERT INTO public.kudos VALUES (609, 'Henry Larsson', 'Omar Haddad', 'sim', '165', 'Thanks for building the integration test suite in close collaboration with the partner team so both sides trust the results.', '2026-03-16 00:00:00-06', '2026-03-16 00:00:00-06', 601, NULL, false);
INSERT INTO public.kudos VALUES (608, 'Kevin O''Brien', 'Zara Yilmaz', 'sim', '164', 'Thanks for coordinating with the security team to get the penetration test scheduled before the product launch.', NULL, '2026-03-16 00:00:00-06', 611, NULL, false);
INSERT INTO public.kudos VALUES (612, 'Priya Sharma', 'Omar Haddad', 'sim', '168', 'Great job running the working session that helped the two squads agree on the shared data model.', '2026-03-16 00:00:00-06', '2026-03-16 00:00:00-06', NULL, NULL, false);
INSERT INTO public.kudos VALUES (549, 'Omar Haddad', 'Yuki Sato', 'sim', '105', 'Thanks for catching the broken escape function that was double-encoding certain Unicode characters.', '2026-02-09 00:00:00-07', '2026-02-09 00:00:00-07', 612, NULL, false);
INSERT INTO public.kudos VALUES (550, 'Omar Haddad', 'Felix Müller', 'sim', '106', 'Thanks for spending extra time refining the API error messages so developers integrating with us would get actionable feedback.', NULL, '2026-02-09 00:00:00-07', 613, NULL, false);
INSERT INTO public.kudos VALUES (613, 'Daniel Moreau', 'Omar Haddad', 'sim', '169', 'Thanks for catching the broken escape function that was double-encoding certain Unicode characters.', '2026-03-16 00:00:00-06', '2026-03-16 00:00:00-06', 615, NULL, false);
INSERT INTO public.kudos VALUES (619, 'Keiko Nakamura', 'Omar Haddad', 'sim', '175', 'Appreciate you making sure the search team was involved in the data modeling decisions so their indexing requirements were met.', '2026-03-23 00:00:00-06', '2026-03-23 00:00:00-06', NULL, NULL, true);
INSERT INTO public.kudos VALUES (624, 'Sana Kapoor', 'Omar Haddad', 'sim', '180', 'Great catch finding the incorrect HTTP method used on the delete endpoint, which was causing bookmark deletions.', '2026-03-23 00:00:00-06', '2026-03-23 00:00:00-06', NULL, NULL, true);
INSERT INTO public.kudos VALUES (621, 'Leila Rahimi', 'Henry Larsson', 'sim', '177', 'I really appreciated you walking me through how to write a Python decorator that adds retry logic without changing the function.', '2026-03-30 00:00:00-06', '2026-03-23 00:00:00-06', NULL, NULL, true);
INSERT INTO public.kudos VALUES (639, 'Priya Sharma', 'Henry Larsson', 'sim', '195', 'Great job creating that Confluence page cataloguing all known technical debt items and their priorities.', '2026-03-30 00:00:00-06', '2026-03-30 00:00:00-06', NULL, NULL, true);
INSERT INTO public.kudos VALUES (559, 'William Tanaka', 'Omar Haddad', 'sim', '115', 'Great job adding the missing index hint that forced the query planner to use the correct index on large partitions.', '2026-02-16 00:00:00-07', '2026-02-16 00:00:00-07', 640, NULL, false);
INSERT INTO public.kudos VALUES (566, 'William Tanaka', 'Omar Haddad', 'sim', '122', 'Thank you for coaching me on how to write a quarterly self-assessment that highlights my contributions clearly.', '2026-02-23 00:00:00-07', '2026-02-23 00:00:00-07', 641, NULL, false);
INSERT INTO public.kudos VALUES (628, 'Daniel Moreau', 'Andre Martineau', 'sim', '184', 'Great job writing the canary deployment config so the team could roll out to five percent of traffic before committing fully.', '2026-03-23 00:00:00-06', '2026-03-23 00:00:00-06', 642, NULL, true);
INSERT INTO public.kudos VALUES (552, 'Omar Haddad', 'Clara Hoffmann', 'sim', '108', 'Appreciate you setting up the new employee welcome package with all the access requests and tooling links before anyone asked.', '2026-03-09 00:00:00-06', '2026-02-09 00:00:00-07', 643, NULL, false);
INSERT INTO public.kudos VALUES (572, 'William Tanaka', 'Omar Haddad', 'sim', '128', 'Thank you for creating the definitive guide to our testing pyramid that helped the team make consistent decisions about what kind of test to write.', '2026-02-23 00:00:00-07', '2026-02-23 00:00:00-07', 644, NULL, false);
INSERT INTO public.kudos VALUES (553, 'Omar Haddad', 'William Tanaka', 'sim', '109', 'Great job making sure the customer research findings were shared with both the product and engineering teams.', '2026-02-16 00:00:00-07', '2026-02-16 00:00:00-07', 645, NULL, false);
INSERT INTO public.kudos VALUES (646, 'Sana Kapoor', 'Kevin O''Brien', 'sim', '202', 'Thank you for taking the time to set up a reproducible benchmark environment so performance comparisons would actually be meaningful going forward.', '2026-04-06 00:00:00-06', '2026-04-06 00:00:00-06', NULL, NULL, false);
INSERT INTO public.kudos VALUES (635, 'Kevin O''Brien', 'Omar Haddad', 'sim', '191', 'Appreciate you writing up detailed runbooks for the deployment process so the whole team could follow along.', '2026-03-30 00:00:00-06', '2026-03-30 00:00:00-06', 646, NULL, true);
INSERT INTO public.kudos VALUES (555, 'Omar Haddad', 'Hannah Fitzgerald', 'sim', '111', 'Thank you for helping me prepare for my performance review by doing a mock conversation with me.', '2026-02-16 00:00:00-07', '2026-02-16 00:00:00-07', 647, NULL, false);
INSERT INTO public.kudos VALUES (588, 'William Tanaka', 'Amara Diallo', 'sim', '144', 'Great job making sure the customer research findings were shared with both the product and engineering teams.', '2026-03-09 00:00:00-06', '2026-03-09 00:00:00-06', 648, NULL, false);
INSERT INTO public.kudos VALUES (634, 'Michael Johansson', 'Daniel Moreau', 'sim', '190', 'Great catch identifying the log4j version in the dependency tree before we were even aware of the CVE.', '2026-03-30 00:00:00-06', '2026-03-30 00:00:00-06', 649, NULL, true);
INSERT INTO public.kudos VALUES (557, 'Omar Haddad', 'Kevin O''Brien', 'sim', '113', 'Appreciate you running a session for the team on how to write better runbooks for our on-call engineers.', '2026-02-23 00:00:00-07', '2026-02-16 00:00:00-07', 651, NULL, false);
INSERT INTO public.kudos VALUES (558, 'Omar Haddad', 'Leila Rahimi', 'sim', '114', 'Appreciate you implementing the graceful shutdown so in-flight requests complete before the process exits.', '2026-03-23 00:00:00-06', '2026-02-16 00:00:00-07', 652, NULL, true);
INSERT INTO public.kudos VALUES (472, 'Omar Haddad', 'Derek Hanson', 'sim', '28', 'Really appreciate you organizing the joint kickoff that helped the two newly merged teams establish shared norms and ways of working.', '2026-04-06 00:00:00-06', '2026-01-05 00:00:00-07', 488, NULL, false);
INSERT INTO public.kudos VALUES (653, 'Derek Hanson', 'Amara Diallo', 'sim', '209', 'Thanks for writing the canary analysis query that automatically rolled back the release when the error rate exceeded the threshold.', NULL, '2026-04-06 00:00:00-06', 472, NULL, false);
INSERT INTO public.kudos VALUES (654, 'Noah Whitfield', 'Fatima Al-Hassan', 'sim', '210', 'Thanks for creating that ERD for the legacy reporting database so nobody has to guess anymore.', NULL, '2026-04-06 00:00:00-06', NULL, NULL, false);
INSERT INTO public.kudos VALUES (632, 'Henry Larsson', 'Omar Haddad', 'sim', '188', 'Really appreciate you walking me through how to use the internal access control system to set up least-privilege permissions.', '2026-03-30 00:00:00-06', '2026-03-30 00:00:00-06', 657, NULL, true);
INSERT INTO public.kudos VALUES (573, 'Nathan Reyes', 'Leo Gutierrez', 'sim', '129', 'Great thinking suggesting we use a database-level default value to avoid having to set the field in every INSERT statement across the codebase.', '2026-04-13 00:00:00-06', '2026-02-23 00:00:00-07', 454, NULL, false);
INSERT INTO public.kudos VALUES (595, 'William Tanaka', 'Michael Johansson', 'sim', '151', 'Thanks for replacing the polling loop with a proper event-driven architecture using webhooks.', '2026-03-30 00:00:00-06', '2026-03-09 00:00:00-06', 659, NULL, true);
INSERT INTO public.kudos VALUES (561, 'Omar Haddad', 'Hannah Fitzgerald', 'sim', '117', 'Thanks for discovering we could use a Postgres unlogged table for the temporary processing state to avoid write-ahead logging overhead.', '2026-02-16 00:00:00-07', '2026-02-16 00:00:00-07', 660, NULL, false);
INSERT INTO public.kudos VALUES (659, 'Leo Gutierrez', 'William Tanaka', 'sim', '215', 'Appreciate you adding the missing input length validation that was allowing excessively large payloads to reach the database.', '2026-04-13 00:00:00-06', '2026-04-13 00:00:00-06', 606, NULL, false);
INSERT INTO public.kudos VALUES (597, 'William Tanaka', 'Omar Haddad', 'sim', '153', 'Great work implementing the automatic lease renewal in the distributed lock so long-running jobs do not lose their lock.', '2026-03-09 00:00:00-06', '2026-03-09 00:00:00-06', 661, NULL, false);
INSERT INTO public.kudos VALUES (620, 'William Tanaka', 'Omar Haddad', 'sim', '176', 'Thanks for following up on every open action item from the cross-team meeting so nothing got dropped.', '2026-03-23 00:00:00-06', '2026-03-23 00:00:00-06', 662, NULL, true);
INSERT INTO public.kudos VALUES (610, 'Henry Larsson', 'Leo Gutierrez', 'sim', '166', 'Thanks for coordinating the handoff between the prototype team and the production engineering team with a thorough transition doc.', '2026-04-13 00:00:00-06', '2026-03-16 00:00:00-06', 614, NULL, false);
INSERT INTO public.kudos VALUES (625, 'William Tanaka', 'Omar Haddad', 'sim', '181', 'Appreciate you removing the dead code paths that were confusing the flow analysis and masking real issues.', '2026-03-23 00:00:00-06', '2026-03-23 00:00:00-06', 664, NULL, true);
INSERT INTO public.kudos VALUES (562, 'Omar Haddad', 'Daniel Moreau', 'sim', '118', 'Appreciate you hosting the inter-team social hour that helped the newly merged teams build rapport.', '2026-03-02 00:00:00-07', '2026-02-23 00:00:00-07', 665, NULL, false);
INSERT INTO public.kudos VALUES (564, 'Omar Haddad', 'William Tanaka', 'sim', '120', 'Thanks for proactively syncing with the partner engineering team to make sure both sides understood the webhook contract.', '2026-02-23 00:00:00-07', '2026-02-23 00:00:00-07', 667, NULL, false);
INSERT INTO public.kudos VALUES (668, 'Andre Martineau', 'Mei-Lin Wu', 'sim', '224', 'Great work coordinating with the data team to make sure the schema changes were backward compatible for their pipelines.', '2026-04-20 00:00:00-06', '2026-04-20 00:00:00-06', NULL, NULL, false);
INSERT INTO public.kudos VALUES (574, 'Mei-Lin Wu', 'Hannah Fitzgerald', 'sim', '130', 'Nice work proposing we use readable database transaction IDs as idempotency keys instead of generating separate UUIDs.', '2026-02-23 00:00:00-07', '2026-02-23 00:00:00-07', 668, NULL, false);
INSERT INTO public.kudos VALUES (578, 'Hannah Fitzgerald', 'Daniel Moreau', 'sim', '134', 'Appreciate you explaining how to write a SQL join that performs well even when one table has millions of rows.', '2026-03-09 00:00:00-06', '2026-03-02 00:00:00-07', 669, NULL, false);
INSERT INTO public.kudos VALUES (567, 'Omar Haddad', 'William Tanaka', 'sim', '123', 'Appreciate you taking time to explain how our internal recommendation engine works and how features feed into it.', '2026-02-23 00:00:00-07', '2026-02-23 00:00:00-07', 670, NULL, false);
INSERT INTO public.kudos VALUES (591, 'Hannah Fitzgerald', 'Omar Haddad', 'sim', '147', 'Thank you for explaining how to write an idempotency key handler for our payment service to prevent duplicate charges.', '2026-03-09 00:00:00-06', '2026-03-09 00:00:00-06', 671, NULL, false);
INSERT INTO public.kudos VALUES (569, 'Omar Haddad', 'William Tanaka', 'sim', '125', 'Thank you for pairing with me to migrate our service off a deprecated internal API and explaining the replacement''s design.', '2026-02-23 00:00:00-07', '2026-02-23 00:00:00-07', 672, NULL, false);
INSERT INTO public.kudos VALUES (594, 'Hannah Fitzgerald', 'Omar Haddad', 'sim', '150', 'Great job writing the custom health check that verifies all downstream dependencies before reporting healthy.', '2026-03-09 00:00:00-06', '2026-03-09 00:00:00-06', 673, NULL, false);
INSERT INTO public.kudos VALUES (570, 'Omar Haddad', 'Nathan Reyes', 'sim', '126', 'Thanks for catching the broken retry logic that was sending duplicate emails to customers.', NULL, '2026-02-23 00:00:00-07', 674, NULL, false);
INSERT INTO public.kudos VALUES (576, 'Mei-Lin Wu', 'Omar Haddad', 'sim', '132', 'I really appreciate you walking me through the service''s rate limiting logic when I was debugging a customer complaint.', '2026-03-02 00:00:00-07', '2026-03-02 00:00:00-07', 675, NULL, false);
INSERT INTO public.kudos VALUES (657, 'Mei-Lin Wu', 'Henry Larsson', 'sim', '213', 'Thank you for explaining how to use blue-green deployments to reduce downtime risk for our critical payment service.', '2026-04-13 00:00:00-06', '2026-04-13 00:00:00-06', 677, NULL, false);
INSERT INTO public.kudos VALUES (637, 'William Tanaka', 'Mei-Lin Wu', 'sim', '193', 'Thanks for finishing the webhook delivery retry dashboard before the partner success team needed to diagnose delivery failures.', '2026-03-30 00:00:00-06', '2026-03-30 00:00:00-06', 678, NULL, true);
INSERT INTO public.kudos VALUES (680, 'Omar Haddad', 'Hannah Fitzgerald', 'sim', '236', 'Appreciate you rewriting the error messages in our app after the client said they were too confusing.', '2026-04-20 00:00:00-06', '2026-04-20 00:00:00-06', NULL, NULL, false);
INSERT INTO public.kudos VALUES (605, 'Hannah Fitzgerald', 'William Tanaka', 'sim', '161', 'Really appreciate you manually testing the checkout flow on twelve device configurations the night before launch.', '2026-03-09 00:00:00-06', '2026-03-09 00:00:00-06', 680, NULL, false);
INSERT INTO public.kudos VALUES (664, 'Leo Gutierrez', 'William Tanaka', 'sim', '220', 'Great job condensing the three-day QA cycle down to one day by writing automated regression tests the night before.', '2026-04-13 00:00:00-06', '2026-04-13 00:00:00-06', 682, NULL, false);
INSERT INTO public.kudos VALUES (683, 'Omar Haddad', 'Andre Martineau', 'sim', '239', 'Really appreciate you proactively reaching out to the affected teams when the upstream service change was deployed early.', '2026-04-27 00:00:00-06', '2026-04-27 00:00:00-06', NULL, NULL, false);
INSERT INTO public.kudos VALUES (682, 'Daniel Moreau', 'Leo Gutierrez', 'sim', '238', 'Great job looping in the compliance team before the feature was built rather than after, saving us a full redesign.', '2026-04-27 00:00:00-06', '2026-04-27 00:00:00-06', 676, NULL, false);
INSERT INTO public.kudos VALUES (503, 'Hannah Fitzgerald', 'Felix Müller', 'sim', '59', 'Really appreciate you writing the custom metric that tracks business-level SLOs beyond just uptime.', '2026-04-27 00:00:00-06', '2026-01-12 00:00:00-07', 531, NULL, false);
INSERT INTO public.kudos VALUES (685, 'Omar Haddad', 'Hannah Fitzgerald', 'sim', '241', 'Thanks for facilitating the cross-team session to align on the shared definition of a successful product launch.', '2026-04-27 00:00:00-06', '2026-04-27 00:00:00-06', NULL, NULL, false);
INSERT INTO public.kudos VALUES (627, 'Hannah Fitzgerald', 'Keiko Nakamura', 'sim', '183', 'Appreciate you building the automated report that surfaces accounts at risk of churning based on usage patterns, without being asked.', '2026-03-23 00:00:00-06', '2026-03-23 00:00:00-06', 685, NULL, true);
INSERT INTO public.kudos VALUES (652, 'Henry Larsson', 'Omar Haddad', 'sim', '208', 'Thanks for scripting the certificate rotation so it ran automatically and the expiry never becomes a manual deadline again.', '2026-04-06 00:00:00-06', '2026-04-06 00:00:00-06', 686, NULL, false);
INSERT INTO public.kudos VALUES (687, 'Omar Haddad', 'William Tanaka', 'sim', '243', 'Appreciate you running that workshop on how to give and receive constructive code review feedback.', '2026-04-27 00:00:00-06', '2026-04-27 00:00:00-06', NULL, NULL, false);
INSERT INTO public.kudos VALUES (675, 'Omar Haddad', 'Mei-Lin Wu', 'sim', '231', 'Thanks for adding property-based tests to the serialization layer.', '2026-04-20 00:00:00-06', '2026-04-20 00:00:00-06', 873, NULL, false);
INSERT INTO public.kudos VALUES (638, 'William Tanaka', 'Omar Haddad', 'sim', '194', 'Really appreciate you adding the query result caching to the reporting service so the end-of-quarter dashboard loaded instantly.', '2026-03-30 00:00:00-06', '2026-03-30 00:00:00-06', 687, NULL, true);
INSERT INTO public.kudos VALUES (643, 'William Tanaka', 'Omar Haddad', 'sim', '199', 'Thank you for coaching me on how to build trust with a new team by delivering small wins consistently.', '2026-04-06 00:00:00-06', '2026-04-06 00:00:00-06', 688, NULL, false);
INSERT INTO public.kudos VALUES (689, 'Omar Haddad', 'Andre Martineau', 'sim', '245', 'Really appreciate you walking me through how to use the internal access control system to set up least-privilege permissions.', '2026-04-27 00:00:00-06', '2026-04-27 00:00:00-06', NULL, NULL, false);
INSERT INTO public.kudos VALUES (513, 'Andre Martineau', 'Hannah Fitzgerald', 'sim', '69', 'Thank you for volunteering to own the internal tech debt tracker and present it monthly to keep it from being ignored.', '2026-01-19 00:00:00-07', '2026-01-19 00:00:00-07', 689, NULL, false);
INSERT INTO public.kudos VALUES (684, 'Felix Müller', 'Daniel Moreau', 'sim', '240', 'Appreciate you volunteering to translate the data science model outputs into actionable metrics for the product team.', '2026-04-27 00:00:00-06', '2026-04-27 00:00:00-06', 503, NULL, false);
INSERT INTO public.kudos VALUES (645, 'William Tanaka', 'Omar Haddad', 'sim', '201', 'Really appreciate you removing the synchronous logging from the request path and switching to async log draining.', '2026-04-06 00:00:00-06', '2026-04-06 00:00:00-06', 690, NULL, false);
INSERT INTO public.kudos VALUES (691, 'Elena Vasquez', 'William Tanaka', 'sim', '247', 'Thanks for catching the miscalculated revenue metric in the board deck before it was presented to investors.', '2026-04-27 00:00:00-06', '2026-04-27 00:00:00-06', NULL, NULL, false);
INSERT INTO public.kudos VALUES (651, 'William Tanaka', 'Omar Haddad', 'sim', '207', 'Thanks for suggesting we use a database-level sequence rather than max(id)+1 to generate order numbers and avoid the race condition under load.', '2026-04-06 00:00:00-06', '2026-04-06 00:00:00-06', 691, NULL, false);
INSERT INTO public.kudos VALUES (692, 'Victor Almeida', 'Omar Haddad', 'sim', '248', 'Appreciate you volunteering to do the technical deep-dive with a potential enterprise partner to accelerate the sales process.', '2026-04-27 00:00:00-06', '2026-04-27 00:00:00-06', NULL, NULL, true);
INSERT INTO public.kudos VALUES (694, 'Omar Haddad', 'Lucia Ferretti', 'sim', '250', 'Thanks for stepping in to cover the product demo when the PM was stuck in traffic, even though it wasn''t your meeting.', NULL, '2026-04-27 00:00:00-06', NULL, NULL, false);
INSERT INTO public.kudos VALUES (495, 'Andre Martineau', 'Maria Santos', 'sim', '51', 'Appreciate you setting up the shared sprint board so the two co-located teams could see each other''s work in progress.', '2026-04-27 00:00:00-06', '2026-01-12 00:00:00-07', 683, NULL, true);
INSERT INTO public.kudos VALUES (696, 'Omar Haddad', 'William Tanaka', 'sim', '252', 'Appreciate you spotting that we could use CSS grid to handle the layout instead of writing a custom JavaScript solution.', '2026-04-27 00:00:00-06', '2026-04-27 00:00:00-06', NULL, NULL, true);
INSERT INTO public.kudos VALUES (519, 'Kevin O''Brien', 'Maria Santos', 'sim', '75', 'Thanks for explaining how to write a feature spec that includes the rollback and monitoring strategy.', '2026-04-27 00:00:00-06', '2026-01-26 00:00:00-07', 486, NULL, true);
INSERT INTO public.kudos VALUES (697, 'Omar Haddad', 'William Tanaka', 'sim', '253', 'Appreciate you spotting that we could use a branch-by-abstraction technique to safely swap the storage backend without a feature flag or a flag store.', '2026-04-27 00:00:00-06', '2026-04-27 00:00:00-06', NULL, NULL, true);
INSERT INTO public.kudos VALUES (698, 'Omar Haddad', 'Ryan Gallagher', 'sim', '254', 'Really appreciate you proposing we use Dependabot to automate dependency updates instead of a quarterly manual audit.', NULL, '2026-04-27 00:00:00-06', NULL, NULL, false);
INSERT INTO public.kudos VALUES (699, 'Samuel Achebe', 'Omar Haddad', 'sim', '255', 'Appreciate you suggesting we add a Content-Security-Policy header to block the XSS vector instead of sanitizing every input field individually.', '2026-04-27 00:00:00-06', '2026-04-27 00:00:00-06', NULL, NULL, true);
INSERT INTO public.kudos VALUES (701, 'Carlos Rivera', 'Omar Haddad', 'sim', '257', 'Thanks for sharing that written comparison of sync versus async event processing for the new intake pipeline.', '2026-04-27 00:00:00-06', '2026-04-27 00:00:00-06', NULL, NULL, true);
INSERT INTO public.kudos VALUES (500, 'Daniel Moreau', 'Carlos Rivera', 'sim', '56', 'Thanks for adding type-safe error handling to replace the stringly-typed error codes scattered through the codebase.', '2026-04-27 00:00:00-06', '2026-01-12 00:00:00-07', 517, NULL, true);
INSERT INTO public.kudos VALUES (702, 'Omar Haddad', 'Henry Larsson', 'sim', '258', 'Thanks for pulling historical data to help the client prove ROI to their board and secure continued investment.', '2026-04-27 00:00:00-06', '2026-04-27 00:00:00-06', NULL, NULL, true);
INSERT INTO public.kudos VALUES (525, 'Andre Martineau', 'Kevin O''Brien', 'sim', '81', 'Really appreciate you catching the misconfigured load balancer before the Black Friday traffic spike would have taken the site down.', '2026-01-26 00:00:00-07', '2026-01-26 00:00:00-07', 703, NULL, true);
INSERT INTO public.kudos VALUES (540, 'Andre Martineau', 'Henry Larsson', 'sim', '96', 'Thanks for proposing we use idempotent upsert statements to make the data sync safe to retry instead of adding complex deduplication logic.', '2026-02-23 00:00:00-07', '2026-02-02 00:00:00-07', 704, NULL, false);
INSERT INTO public.kudos VALUES (705, 'Omar Haddad', 'William Tanaka', 'sim', '261', 'Really appreciate you making sure the technical writer was included in the feature kickoff so documentation was planned from day one.', '2026-05-04 00:00:00-06', '2026-05-04 00:00:00-06', NULL, NULL, false);
INSERT INTO public.kudos VALUES (660, 'William Tanaka', 'Omar Haddad', 'sim', '216', 'Great job personally testing every edge case in the checkout flow before the holiday sale launch.', '2026-04-13 00:00:00-06', '2026-04-13 00:00:00-06', 705, NULL, false);
INSERT INTO public.kudos VALUES (448, 'Omar Haddad', 'James Chen', 'sim', '4', 'Great job extracting the duplicated validation logic into a shared utility module.', '2026-05-04 00:00:00-06', '2025-12-01 00:00:00-07', 450, NULL, false);
INSERT INTO public.kudos VALUES (690, 'Daniel Moreau', 'William Tanaka', 'sim', '246', 'Thanks for personally calling the affected customers after the outage to explain what happened and what we''re doing about it.', '2026-04-27 00:00:00-06', '2026-04-27 00:00:00-06', 706, NULL, false);
INSERT INTO public.kudos VALUES (707, 'Omar Haddad', 'Henry Larsson', 'sim', '263', 'Thanks for implementing the graceful degradation mode so the app stays functional when the recommendation service is down.', '2026-05-04 00:00:00-06', '2026-05-04 00:00:00-06', NULL, NULL, false);
INSERT INTO public.kudos VALUES (679, 'Michael Johansson', 'James Chen', 'sim', '235', 'Really appreciate you hosting that workshop on how to use structured logging to make search queries faster.', '2026-05-04 00:00:00-06', '2026-04-20 00:00:00-06', 656, NULL, false);
INSERT INTO public.kudos VALUES (661, 'Henry Larsson', 'William Tanaka', 'sim', '217', 'Nice work discovering we could use the browser''s ResizeObserver to respond to container size changes instead of listening to window resize events.', '2026-04-13 00:00:00-06', '2026-04-13 00:00:00-06', 707, NULL, false);
INSERT INTO public.kudos VALUES (706, 'James Chen', 'Daniel Moreau', 'sim', '262', 'Really appreciate you walking me through how to profile memory usage in a Node.js service before my release.', '2026-05-04 00:00:00-06', '2026-05-04 00:00:00-06', 679, NULL, false);
INSERT INTO public.kudos VALUES (710, 'Omar Haddad', 'William Tanaka', 'sim', '266', 'Appreciate you creating a shared library of reusable components that cut development time for the whole front-end team.', '2026-05-04 00:00:00-06', '2026-05-04 00:00:00-06', NULL, NULL, false);
INSERT INTO public.kudos VALUES (665, 'William Tanaka', 'Omar Haddad', 'sim', '221', 'Thanks for fixing the certificate pinning issue on the iOS client that would have broken the API upgrade at launch.', '2026-04-13 00:00:00-06', '2026-04-13 00:00:00-06', 710, NULL, false);
INSERT INTO public.kudos VALUES (711, 'Omar Haddad', 'Hannah Fitzgerald', 'sim', '267', 'Thanks for taking ownership of getting the new third-party analytics tool configured correctly before the marketing team''s launch date.', '2026-05-04 00:00:00-06', '2026-05-04 00:00:00-06', NULL, NULL, false);
INSERT INTO public.kudos VALUES (629, 'Hannah Fitzgerald', 'Omar Haddad', 'sim', '185', 'Thanks for writing the design doc that explained the tradeoffs between our two caching approaches.', '2026-03-23 00:00:00-06', '2026-03-23 00:00:00-06', 711, NULL, true);
INSERT INTO public.kudos VALUES (473, 'Ingrid Bergstrom', 'Ahmed Farouk', 'sim', '29', 'Really appreciate you mediating the disagreement between the design and dev teams and finding a workable compromise.', '2026-05-04 00:00:00-06', '2026-01-05 00:00:00-07', NULL, NULL, false);
INSERT INTO public.kudos VALUES (713, 'Keiko Nakamura', 'Omar Haddad', 'sim', '269', 'Great idea to use the existing notification preferences table to store feature opt-ins instead of a separate settings table.', '2026-05-04 00:00:00-06', '2026-05-04 00:00:00-06', NULL, NULL, false);
INSERT INTO public.kudos VALUES (577, 'Omar Haddad', 'Daniel Moreau', 'sim', '133', 'Appreciate you explaining how to use the internal developer experience survey results to improve the team''s tooling.', '2026-03-09 00:00:00-06', '2026-03-02 00:00:00-07', 713, NULL, false);
INSERT INTO public.kudos VALUES (630, 'Hannah Fitzgerald', 'Omar Haddad', 'sim', '186', 'Appreciate you hosting that session on how to audit and tighten IAM permissions across our AWS accounts.', '2026-03-23 00:00:00-06', '2026-03-23 00:00:00-06', 717, NULL, true);
INSERT INTO public.kudos VALUES (712, 'Ahmed Farouk', 'Henry Larsson', 'sim', '268', 'Thank you for spending time after hours to fix the broken localization files that were blocking the international launch.', '2026-05-04 00:00:00-06', '2026-05-04 00:00:00-06', 473, NULL, false);
INSERT INTO public.kudos VALUES (579, 'Omar Haddad', 'Ryan Gallagher', 'sim', '135', 'Appreciate you refactoring the authentication middleware to run before route handlers, not inside them.', NULL, '2026-03-02 00:00:00-07', 718, NULL, false);
INSERT INTO public.kudos VALUES (717, 'Henry Larsson', 'Hannah Fitzgerald', 'sim', '273', 'Appreciate you preparing a gap analysis showing the client exactly which of our features mapped to their stated requirements.', '2026-05-04 00:00:00-06', '2026-05-04 00:00:00-06', 712, NULL, false);
INSERT INTO public.kudos VALUES (719, 'Priya Sharma', 'Hannah Fitzgerald', 'sim', '275', 'Great work facilitating the technical debate between teams and getting everyone to agree on the shared interface.', '2026-05-11 00:00:00-06', '2026-05-11 00:00:00-06', NULL, NULL, false);
INSERT INTO public.kudos VALUES (641, 'Hannah Fitzgerald', 'William Tanaka', 'sim', '197', 'Great job facilitating the escalation process when two teams reached an impasse on the API versioning decision.', '2026-04-06 00:00:00-06', '2026-04-06 00:00:00-06', 719, NULL, false);
INSERT INTO public.kudos VALUES (580, 'Omar Haddad', 'Hannah Fitzgerald', 'sim', '136', 'Really appreciate you setting up the automated rollback that fires when post-deployment error rate spikes above 1%.', '2026-03-02 00:00:00-07', '2026-03-02 00:00:00-07', 721, NULL, false);
INSERT INTO public.kudos VALUES (581, 'Omar Haddad', 'William Tanaka', 'sim', '137', 'Great catch noticing the webhook signature verification was using an unsafe string comparison vulnerable to timing attacks.', '2026-03-02 00:00:00-07', '2026-03-02 00:00:00-07', 722, NULL, false);
INSERT INTO public.kudos VALUES (723, 'Omar Haddad', 'Derek Hanson', 'sim', '279', 'Really appreciate you setting up the feature flag system so we can do gradual rollouts.', NULL, '2026-05-11 00:00:00-06', NULL, NULL, false);
INSERT INTO public.kudos VALUES (724, 'Omar Haddad', 'Lena Volkov', 'sim', '280', 'Thanks for catching the broken access control that let users view each other''s private documents.', NULL, '2026-05-11 00:00:00-06', NULL, NULL, false);
INSERT INTO public.kudos VALUES (667, 'William Tanaka', 'Omar Haddad', 'sim', '223', 'Thanks for organizing the lunch-and-learn where the ML team explained their new recommendation model to the product team.', '2026-04-20 00:00:00-06', '2026-04-20 00:00:00-06', 728, NULL, false);
INSERT INTO public.kudos VALUES (644, 'Hannah Fitzgerald', 'William Tanaka', 'sim', '200', 'Great work adding the missing database index on the compound sort key that was causing slow pagination on large datasets.', '2026-04-06 00:00:00-06', '2026-04-06 00:00:00-06', 729, NULL, false);
INSERT INTO public.kudos VALUES (728, 'Henry Larsson', 'William Tanaka', 'sim', '284', 'Great job finishing the role-based access control implementation before the enterprise customer accounts were provisioned.', '2026-05-11 00:00:00-06', '2026-05-11 00:00:00-06', 720, NULL, false);
INSERT INTO public.kudos VALUES (730, 'Sana Kapoor', 'Omar Haddad', 'sim', '286', 'Thanks for writing that detailed tutorial on using our internal data pipeline framework.', '2026-05-11 00:00:00-06', '2026-05-11 00:00:00-06', NULL, NULL, false);
INSERT INTO public.kudos VALUES (583, 'Omar Haddad', 'Daniel Moreau', 'sim', '139', 'Appreciate you suggesting we add a Content-Security-Policy header to block the XSS vector instead of sanitizing every input field individually.', '2026-03-16 00:00:00-06', '2026-03-02 00:00:00-07', 730, NULL, false);
INSERT INTO public.kudos VALUES (731, 'Omar Haddad', 'Maria Santos', 'sim', '287', 'Appreciate you running that session on how to use our internal CLI to inspect live service state in production.', '2026-05-11 00:00:00-06', '2026-05-11 00:00:00-06', NULL, NULL, false);
INSERT INTO public.kudos VALUES (695, 'Maria Santos', 'Omar Haddad', 'sim', '251', 'Really appreciate you noticing the billing discrepancy in the vendor invoice and escalating it before we overpaid.', '2026-04-27 00:00:00-06', '2026-04-27 00:00:00-06', 731, NULL, true);
INSERT INTO public.kudos VALUES (732, 'Omar Haddad', 'William Tanaka', 'sim', '288', 'Appreciate you sharing that written analysis of our test coverage gaps and the plan to address them.', '2026-05-11 00:00:00-06', '2026-05-11 00:00:00-06', NULL, NULL, false);
INSERT INTO public.kudos VALUES (669, 'William Tanaka', 'Hannah Fitzgerald', 'sim', '225', 'Thanks for coaching me on how to structure a weekly status update that helps my manager advocate for my team.', '2026-04-20 00:00:00-06', '2026-04-20 00:00:00-06', 732, NULL, false);
INSERT INTO public.kudos VALUES (516, 'Priya Sharma', 'Omar Haddad', 'sim', '72', 'I really appreciate you explaining how to handle optimistic concurrency conflicts in our transaction processing system.', '2026-01-26 00:00:00-07', '2026-01-26 00:00:00-07', 733, NULL, false);
INSERT INTO public.kudos VALUES (734, 'Omar Haddad', 'Daniel Moreau', 'sim', '290', 'Great job preparing the client with a clear risk matrix before the upgrade so they could make an informed decision about timing.', '2026-05-11 00:00:00-06', '2026-05-11 00:00:00-06', NULL, NULL, false);
INSERT INTO public.kudos VALUES (693, 'Daniel Moreau', 'Omar Haddad', 'sim', '249', 'Really appreciate you spending two days reverse-engineering the undocumented legacy API so we could write a proper spec before migrating away from it.', '2026-04-27 00:00:00-06', '2026-04-27 00:00:00-06', 734, NULL, true);
INSERT INTO public.kudos VALUES (735, 'Omar Haddad', 'William Tanaka', 'sim', '291', 'Appreciate you spending two days shadow-testing the client''s production environment to find the intermittent bug they reported.', '2026-05-11 00:00:00-06', '2026-05-11 00:00:00-06', NULL, NULL, false);
INSERT INTO public.kudos VALUES (670, 'William Tanaka', 'Omar Haddad', 'sim', '226', 'Thanks for taking time to explain how to use the internal secrets rotation process without causing a service outage.', '2026-04-20 00:00:00-06', '2026-04-20 00:00:00-06', 735, NULL, false);
INSERT INTO public.kudos VALUES (672, 'William Tanaka', 'Omar Haddad', 'sim', '228', 'Thanks for refactoring the error handling to use a Result type instead of throwing exceptions through multiple layers.', '2026-04-20 00:00:00-06', '2026-04-20 00:00:00-06', 736, NULL, false);
INSERT INTO public.kudos VALUES (737, 'Omar Haddad', 'Hannah Fitzgerald', 'sim', '293', 'Thank you for running a session on how to use the internal CLI tooling to speed up local development.', '2026-05-18 00:00:00-06', '2026-05-18 00:00:00-06', NULL, NULL, false);
INSERT INTO public.kudos VALUES (647, 'Hannah Fitzgerald', 'Omar Haddad', 'sim', '203', 'Thank you for proactively setting up the pagination for the bulk API endpoint before it became a performance incident.', '2026-04-06 00:00:00-06', '2026-04-06 00:00:00-06', 737, NULL, false);
INSERT INTO public.kudos VALUES (674, 'William Tanaka', 'Omar Haddad', 'sim', '230', 'Really appreciate you setting up the Grafana dashboards so the on-call team can triage faster.', '2026-04-20 00:00:00-06', '2026-04-20 00:00:00-06', 739, NULL, false);
INSERT INTO public.kudos VALUES (585, 'Omar Haddad', 'Hannah Fitzgerald', 'sim', '141', 'Thanks for putting together the cross-team FAQ document after the reorg so everyone knew who owned what.', '2026-03-09 00:00:00-06', '2026-03-09 00:00:00-06', 740, NULL, false);
INSERT INTO public.kudos VALUES (739, 'Kevin O''Brien', 'William Tanaka', 'sim', '295', 'Really appreciate you hosting a session on how to use dependency injection to make our code more testable.', '2026-05-18 00:00:00-06', '2026-05-18 00:00:00-06', 716, NULL, false);
INSERT INTO public.kudos VALUES (589, 'Omar Haddad', 'Michael Johansson', 'sim', '145', 'Thanks for organizing the shared bug bash across all squads before the major release.', '2026-03-09 00:00:00-06', '2026-03-09 00:00:00-06', 741, NULL, false);
INSERT INTO public.kudos VALUES (742, 'Sarah Lindgren', 'Omar Haddad', 'sim', '298', 'Thank you for helping me understand how to read and respond to customer feedback effectively before my next product review.', '2026-05-18 00:00:00-06', '2026-05-18 00:00:00-06', NULL, NULL, false);
INSERT INTO public.kudos VALUES (593, 'Omar Haddad', 'Hannah Fitzgerald', 'sim', '149', 'Thank you for coaching me on how to give feedback during a 360 review that is specific, fair, and actionable.', '2026-03-09 00:00:00-06', '2026-03-09 00:00:00-06', 742, NULL, false);
INSERT INTO public.kudos VALUES (487, 'Omar Haddad', 'Nathan Reyes', 'sim', '43', 'Appreciate you making sure the newly hired engineers across all three squads had the same onboarding experience by standardizing the process.', '2026-05-18 00:00:00-06', '2026-01-12 00:00:00-07', 539, NULL, false);
INSERT INTO public.kudos VALUES (714, 'William Tanaka', 'Henry Larsson', 'sim', '270', 'Great job getting the deprecated API migration finished two sprints early, removing a blocker for the rest of the quarter.', '2026-05-11 00:00:00-06', '2026-05-04 00:00:00-06', 743, NULL, false);
INSERT INTO public.kudos VALUES (524, 'Vivian Chang', 'Nathan Reyes', 'sim', '80', 'Great catch noticing that the admin endpoint was missing authentication entirely.', '2026-05-18 00:00:00-06', '2026-01-26 00:00:00-07', 650, NULL, false);
INSERT INTO public.kudos VALUES (743, 'Nathan Reyes', 'William Tanaka', 'sim', '299', 'Thanks for writing the automated schema drift detector that alerts when the live schema diverges from migrations.', '2026-05-18 00:00:00-06', '2026-05-18 00:00:00-06', 524, NULL, false);
INSERT INTO public.kudos VALUES (746, 'Sana Kapoor', 'Omar Haddad', 'sim', '302', 'Thanks for spending extra time running the new feature through a full OWASP checklist before shipping it, even though a security review wasn''t required.', '2026-05-18 00:00:00-06', '2026-05-18 00:00:00-06', NULL, NULL, false);
INSERT INTO public.kudos VALUES (599, 'Omar Haddad', 'William Tanaka', 'sim', '155', 'Appreciate you taking on the painful task of resolving the git history conflicts across four long-running branches.', '2026-03-09 00:00:00-06', '2026-03-09 00:00:00-06', 746, NULL, false);
INSERT INTO public.kudos VALUES (600, 'Omar Haddad', 'Hannah Fitzgerald', 'sim', '156', 'Appreciate you creating a shared Notion space with all the project context so the new team members could get up to speed quickly.', '2026-03-09 00:00:00-06', '2026-03-09 00:00:00-06', 747, NULL, false);
INSERT INTO public.kudos VALUES (727, 'Omar Haddad', 'Henry Larsson', 'sim', '283', 'Appreciate you spotting that we could fix the session fixation vulnerability by regenerating the session ID on login with a single library call.', '2026-05-18 00:00:00-06', '2026-05-11 00:00:00-06', NULL, NULL, false);
INSERT INTO public.kudos VALUES (656, 'Hannah Fitzgerald', 'Michael Johansson', 'sim', '212', 'Great job running the cross-team impact analysis before the database schema change to avoid surprises.', '2026-04-20 00:00:00-06', '2026-04-13 00:00:00-06', 748, NULL, false);
INSERT INTO public.kudos VALUES (747, 'Henry Larsson', 'Omar Haddad', 'sim', '303', 'Appreciate you creating the self-service runbook for the most common on-call scenarios so new engineers could handle them confidently.', '2026-05-18 00:00:00-06', '2026-05-18 00:00:00-06', 727, NULL, false);
INSERT INTO public.kudos VALUES (749, 'Yuki Sato', 'Daniel Moreau', 'sim', '305', 'Great job resolving the worker thread exhaustion that was causing the API to queue requests indefinitely under sustained load.', '2026-05-18 00:00:00-06', '2026-05-18 00:00:00-06', NULL, NULL, false);
INSERT INTO public.kudos VALUES (700, 'Daniel Moreau', 'Omar Haddad', 'sim', '256', 'Thanks for rescheduling your vacation by one day to be available for the production cutover you designed.', '2026-04-27 00:00:00-06', '2026-04-27 00:00:00-06', 749, NULL, true);
INSERT INTO public.kudos VALUES (750, 'Omar Haddad', 'Jasmine Osei', 'sim', '306', 'Thanks for finishing the internationalization work ahead of schedule so the localization team had time to translate properly.', '2026-05-18 00:00:00-06', '2026-05-18 00:00:00-06', NULL, NULL, false);
INSERT INTO public.kudos VALUES (626, 'Jasmine Osei', 'Omar Haddad', 'sim', '182', 'Great job proactively compiling the cross-team impact analysis for the proposed schema change before the architecture review.', '2026-03-23 00:00:00-06', '2026-03-23 00:00:00-06', 750, NULL, true);
INSERT INTO public.kudos VALUES (751, 'Patrick Duval', 'Omar Haddad', 'sim', '307', 'Great job finishing the asynchronous password hashing migration before the security review''s remediation deadline.', '2026-05-18 00:00:00-06', '2026-05-18 00:00:00-06', NULL, NULL, false);
INSERT INTO public.kudos VALUES (602, 'Omar Haddad', 'Eric Bouchard', 'sim', '158', 'Thanks for suggesting we run the batch job during off-peak hours to avoid the performance hit during the day.', NULL, '2026-03-09 00:00:00-06', 751, NULL, false);
INSERT INTO public.kudos VALUES (752, 'Victor Almeida', 'Daniel Moreau', 'sim', '308', 'Really appreciate you hosting that hands-on workshop on writing effective property-based tests with Hypothesis.', '2026-05-18 00:00:00-06', '2026-05-18 00:00:00-06', NULL, NULL, false);
INSERT INTO public.kudos VALUES (704, 'Daniel Moreau', 'Andre Martineau', 'sim', '260', 'Great work facilitating the handoff meeting between the research team and the engineering team with a clear set of open questions.', '2026-05-04 00:00:00-06', '2026-05-04 00:00:00-06', 752, NULL, false);
INSERT INTO public.kudos VALUES (716, 'Daniel Moreau', 'Kevin O''Brien', 'sim', '272', 'Thanks for sharing the notes from your deep dive on TLS handshake failures with the infrastructure team.', '2026-05-18 00:00:00-06', '2026-05-04 00:00:00-06', 755, NULL, false);
INSERT INTO public.kudos VALUES (725, 'Daniel Moreau', 'Yuki Sato', 'sim', '281', 'Appreciate you setting up the automated test suite for the legacy module that had zero coverage.', '2026-05-18 00:00:00-06', '2026-05-11 00:00:00-06', 756, NULL, false);
INSERT INTO public.kudos VALUES (688, 'Mei-Lin Wu', 'William Tanaka', 'sim', '244', 'Thank you for spending time with me to explain how our team handles on-call rotations and escalation paths.', '2026-04-27 00:00:00-06', '2026-04-27 00:00:00-06', 757, NULL, false);
INSERT INTO public.kudos VALUES (758, 'Omar Haddad', 'Hannah Fitzgerald', 'sim', '314', 'Great work showing the new team member how to use our internal communication tools and what each channel is for.', '2026-05-18 00:00:00-06', '2026-05-18 00:00:00-06', NULL, NULL, false);
INSERT INTO public.kudos VALUES (686, 'Hannah Fitzgerald', 'Henry Larsson', 'sim', '242', 'Appreciate you coaching me through how to handle scope creep conversations with product managers.', '2026-04-27 00:00:00-06', '2026-04-27 00:00:00-06', 758, NULL, false);
INSERT INTO public.kudos VALUES (759, 'Ahmed Farouk', 'Clara Hoffmann', 'sim', '315', 'Really appreciate you making sure the SRE team had input on the new service''s alerting thresholds before launch.', '2026-05-25 00:00:00-06', '2026-05-25 00:00:00-06', NULL, NULL, false);
INSERT INTO public.kudos VALUES (616, 'Clara Hoffmann', 'Omar Haddad', 'sim', '172', 'Great work implementing the event deduplication logic that prevents the same event from being processed twice.', '2026-03-16 00:00:00-06', '2026-03-16 00:00:00-06', 759, NULL, false);
INSERT INTO public.kudos VALUES (741, 'Maria Santos', 'Omar Haddad', 'sim', '297', 'Appreciate you explaining how to write a webhook receiver that validates payloads and handles retries safely.', '2026-05-18 00:00:00-06', '2026-05-18 00:00:00-06', 760, NULL, false);
INSERT INTO public.kudos VALUES (761, 'Omar Haddad', 'William Tanaka', 'sim', '317', 'Really appreciate you showing me how to use the feature flag system before I deployed my first change.', '2026-05-25 00:00:00-06', '2026-05-25 00:00:00-06', NULL, NULL, false);
INSERT INTO public.kudos VALUES (718, 'William Tanaka', 'Omar Haddad', 'sim', '274', 'Really appreciate you pulling in our data security officer to address the client''s compliance audit questions the same afternoon they asked.', '2026-05-04 00:00:00-06', '2026-05-04 00:00:00-06', 761, NULL, false);
INSERT INTO public.kudos VALUES (703, 'Hannah Fitzgerald', 'Andre Martineau', 'sim', '259', 'Thanks for running the collaborative session that produced the shared service ownership matrix for all thirty microservices.', '2026-05-04 00:00:00-06', '2026-05-04 00:00:00-06', 762, NULL, false);
INSERT INTO public.kudos VALUES (763, 'Omar Haddad', 'Hannah Fitzgerald', 'sim', '319', 'Thanks for coaching me on how to navigate a situation where two senior engineers disagree and I need to pick a direction.', '2026-05-25 00:00:00-06', '2026-05-25 00:00:00-06', NULL, NULL, false);
INSERT INTO public.kudos VALUES (708, 'Hannah Fitzgerald', 'Henry Larsson', 'sim', '264', 'Really appreciate you setting up the feature flag system so we can do gradual rollouts.', '2026-05-04 00:00:00-06', '2026-05-04 00:00:00-06', 763, NULL, false);
INSERT INTO public.kudos VALUES (764, 'Sana Kapoor', 'Omar Haddad', 'sim', '320', 'Appreciate you walking me through how to write a data pipeline that handles late-arriving events correctly.', '2026-05-25 00:00:00-06', '2026-05-25 00:00:00-06', NULL, NULL, false);
INSERT INTO public.kudos VALUES (604, 'Omar Haddad', 'Clara Hoffmann', 'sim', '160', 'Thanks for resolving the stale read issue in the caching layer that was serving incorrect inventory counts to the mobile app.', '2026-03-16 00:00:00-06', '2026-03-09 00:00:00-06', 764, NULL, true);
INSERT INTO public.kudos VALUES (766, 'Leo Gutierrez', 'Omar Haddad', 'sim', '322', 'Really appreciate you walking me through how to use the internal ticketing system to track cross-team dependencies.', '2026-05-25 00:00:00-06', '2026-05-25 00:00:00-06', NULL, NULL, false);
INSERT INTO public.kudos VALUES (715, 'Leila Rahimi', 'Leo Gutierrez', 'sim', '271', 'Great job reverting the bad config push within four minutes and keeping the incident below our SLA threshold.', '2026-05-25 00:00:00-06', '2026-05-04 00:00:00-06', NULL, NULL, true);
INSERT INTO public.kudos VALUES (606, 'Omar Haddad', 'Leo Gutierrez', 'sim', '162', 'Really appreciate you finishing the account suspension workflow before the trust and safety team needed to act on policy violations.', '2026-04-13 00:00:00-06', '2026-03-09 00:00:00-06', 766, NULL, false);
INSERT INTO public.kudos VALUES (783, 'Derek Hanson', 'Omar Haddad', 'sim', '339', 'Great work sharing your personal notes from when you onboarded so the new hire could benefit from your experience.', '2026-06-01 00:00:00-06', '2026-06-01 00:00:00-06', 551, NULL, false);
INSERT INTO public.kudos VALUES (770, 'Patrick Duval', 'Mei-Lin Wu', 'sim', '326', 'Really appreciate you hosting that deep dive on how message ordering is guaranteed in our event bus.', '2026-05-25 00:00:00-06', '2026-05-25 00:00:00-06', NULL, NULL, true);
INSERT INTO public.kudos VALUES (772, 'Omar Haddad', 'Daniel Moreau', 'sim', '328', 'Really appreciate you hosting that session on how to use the internal billing SDK for new integrating teams.', '2026-05-25 00:00:00-06', '2026-05-25 00:00:00-06', NULL, NULL, true);
INSERT INTO public.kudos VALUES (773, 'Omar Haddad', 'Hannah Fitzgerald', 'sim', '329', 'Really appreciate you flagging that the client''s contract included a feature that had been deprecated and offering an equivalent replacement.', '2026-05-25 00:00:00-06', '2026-05-25 00:00:00-06', NULL, NULL, true);
INSERT INTO public.kudos VALUES (777, 'Keiko Nakamura', 'William Tanaka', 'sim', '333', 'Thank you for explaining how to write a Helm chart that is flexible enough for multiple deployment environments.', '2026-06-01 00:00:00-06', '2026-06-01 00:00:00-06', NULL, NULL, false);
INSERT INTO public.kudos VALUES (726, 'William Tanaka', 'Henry Larsson', 'sim', '282', 'Appreciate you staying on the call with the enterprise client for two extra hours to walk through their concerns line by line.', '2026-05-18 00:00:00-06', '2026-05-11 00:00:00-06', 777, NULL, false);
INSERT INTO public.kudos VALUES (778, 'Clara Hoffmann', 'Hannah Fitzgerald', 'sim', '334', 'Great job proactively reaching out to the security team before the new feature shipped to ensure compliance requirements were met.', '2026-06-01 00:00:00-06', '2026-06-01 00:00:00-06', NULL, NULL, false);
INSERT INTO public.kudos VALUES (709, 'Hannah Fitzgerald', 'Lena Volkov', 'sim', '265', 'Great job cross-training the ops team on the new deployment process so engineering wouldn''t be a bottleneck for every release.', NULL, '2026-05-04 00:00:00-06', 778, NULL, false);
INSERT INTO public.kudos VALUES (736, 'Daniel Moreau', 'William Tanaka', 'sim', '292', 'Appreciate you documenting the API contract changes and distributing them to all affected teams right away.', '2026-05-18 00:00:00-06', '2026-05-18 00:00:00-06', 779, NULL, false);
INSERT INTO public.kudos VALUES (780, 'Omar Haddad', 'William Tanaka', 'sim', '336', 'Thanks for updating the Helm chart values so the new service launched with the correct resource limits from day one.', '2026-06-01 00:00:00-06', '2026-06-01 00:00:00-06', NULL, NULL, false);
INSERT INTO public.kudos VALUES (729, 'William Tanaka', 'Hannah Fitzgerald', 'sim', '285', 'Really appreciate you creating that step-by-step guide for debugging out-of-memory errors in container workloads.', '2026-05-11 00:00:00-06', '2026-05-11 00:00:00-06', 780, NULL, false);
INSERT INTO public.kudos VALUES (720, 'Hannah Fitzgerald', 'Henry Larsson', 'sim', '276', 'Thanks for coaching me on how to write a project retrospective that actually leads to process changes.', '2026-05-11 00:00:00-06', '2026-05-11 00:00:00-06', 781, NULL, false);
INSERT INTO public.kudos VALUES (483, 'Omar Haddad', 'Derek Hanson', 'sim', '39', 'Thanks for catching that race condition in the payment service before it hit production.', '2026-06-01 00:00:00-06', '2026-01-05 00:00:00-07', 529, NULL, false);
INSERT INTO public.kudos VALUES (611, 'Omar Haddad', 'Kevin O''Brien', 'sim', '167', 'Really appreciate you coordinating the cross-team standup this morning so we could unblock the release.', '2026-03-16 00:00:00-06', '2026-03-16 00:00:00-06', 783, NULL, false);
INSERT INTO public.kudos VALUES (784, 'Omar Haddad', 'Derek Hanson', 'sim', '340', 'Thanks for organizing the cross-team demo for the new hire cohort so they could see how all the pieces fit together.', NULL, '2026-06-08 00:00:00-06', NULL, NULL, false);
INSERT INTO public.kudos VALUES (551, 'Omar Haddad', 'Derek Hanson', 'sim', '107', 'Appreciate you compiling the weekly status report for the entire team every Friday without being asked.', '2026-06-08 00:00:00-06', '2026-02-09 00:00:00-07', 616, NULL, false);
INSERT INTO public.kudos VALUES (785, 'Omar Haddad', 'Hannah Fitzgerald', 'sim', '341', 'Thanks for volunteering to be the point of contact between vendors and internal teams during the integration project.', '2026-06-08 00:00:00-06', '2026-06-08 00:00:00-06', NULL, NULL, false);
INSERT INTO public.kudos VALUES (721, 'Hannah Fitzgerald', 'Omar Haddad', 'sim', '277', 'Really appreciate you hosting a session on how to use dependency injection to make our code more testable.', '2026-05-11 00:00:00-06', '2026-05-11 00:00:00-06', 785, NULL, false);
INSERT INTO public.kudos VALUES (786, 'Priya Sharma', 'Omar Haddad', 'sim', '342', 'Thank you for walking me through how to write a proper database migration that is safe to run in production.', '2026-06-08 00:00:00-06', '2026-06-08 00:00:00-06', NULL, NULL, false);
INSERT INTO public.kudos VALUES (614, 'Omar Haddad', 'Henry Larsson', 'sim', '170', 'Thanks for catching the timing side channel in the API key comparison function.', '2026-03-16 00:00:00-06', '2026-03-16 00:00:00-06', 786, NULL, false);
INSERT INTO public.kudos VALUES (790, 'Omar Haddad', 'Nathan Reyes', 'sim', '346', 'Thanks for fixing the regex that was causing catastrophic backtracking on certain inputs.', NULL, '2026-06-08 00:00:00-06', NULL, NULL, false);
INSERT INTO public.kudos VALUES (615, 'Omar Haddad', 'Daniel Moreau', 'sim', '171', 'Thanks for replacing the inefficient nested loop with a hash map lookup, cutting runtime from O(n²) to O(n).', '2026-03-16 00:00:00-06', '2026-03-16 00:00:00-06', 792, NULL, false);
INSERT INTO public.kudos VALUES (794, 'Omar Haddad', 'Hannah Fitzgerald', 'sim', '350', 'Thank you for creating the internal compliance checklist for new features that made it so much easier for engineers to self-assess before shipping.', '2026-06-08 00:00:00-06', '2026-06-08 00:00:00-06', NULL, NULL, false);
INSERT INTO public.kudos VALUES (760, 'Hannah Fitzgerald', 'Maria Santos', 'sim', '316', 'Great job facilitating the technical alignment meeting between the iOS, Android, and backend teams on push notification behavior.', '2026-05-25 00:00:00-06', '2026-05-25 00:00:00-06', 794, NULL, false);
INSERT INTO public.kudos VALUES (795, 'Omar Haddad', 'Clara Hoffmann', 'sim', '351', 'Thanks for volunteering to review and simplify the onboarding checklist after noticing new hires were regularly getting stuck at the same steps.', '2026-06-08 00:00:00-06', '2026-06-08 00:00:00-06', NULL, NULL, false);
INSERT INTO public.kudos VALUES (722, 'Clara Hoffmann', 'Omar Haddad', 'sim', '278', 'Thanks for catching the broken access control that let users view each other''s private documents.', '2026-05-11 00:00:00-06', '2026-05-11 00:00:00-06', 795, NULL, false);
INSERT INTO public.kudos VALUES (796, 'Kevin O''Brien', 'Michael Johansson', 'sim', '352', 'Great job proactively setting up feature flags so we could roll back the new checkout flow instantly if needed.', NULL, '2026-06-08 00:00:00-06', 753, NULL, false);
INSERT INTO public.kudos VALUES (797, 'Omar Haddad', 'Hannah Fitzgerald', 'sim', '353', 'Thanks for recording that walkthrough video of the onboarding process for new engineers.', '2026-06-08 00:00:00-06', '2026-06-08 00:00:00-06', NULL, NULL, false);
INSERT INTO public.kudos VALUES (779, 'Hannah Fitzgerald', 'Daniel Moreau', 'sim', '335', 'Really appreciate you building the one-command local setup script so new contributors could start testing immediately.', '2026-06-01 00:00:00-06', '2026-06-01 00:00:00-06', 797, NULL, false);
INSERT INTO public.kudos VALUES (617, 'Omar Haddad', 'Henry Larsson', 'sim', '173', 'Really appreciate you suggesting we add a retry mechanism to the file upload instead of building a full resumable upload system.', '2026-03-30 00:00:00-06', '2026-03-16 00:00:00-06', 798, NULL, true);
INSERT INTO public.kudos VALUES (799, 'Omar Haddad', 'Daniel Moreau', 'sim', '355', 'Great work compiling three months of support ticket trends for the client and presenting them with actionable recommendations.', '2026-06-08 00:00:00-06', '2026-06-08 00:00:00-06', NULL, NULL, false);
INSERT INTO public.kudos VALUES (740, 'Daniel Moreau', 'Omar Haddad', 'sim', '296', 'Appreciate you explaining how to use the internal code ownership file to find the right reviewer for a cross-cutting change.', '2026-05-18 00:00:00-06', '2026-05-18 00:00:00-06', 799, NULL, false);
INSERT INTO public.kudos VALUES (800, 'Keiko Nakamura', 'William Tanaka', 'sim', '356', 'Really appreciate you adding a direct calendar link to every support reply so the client could always book a live call instantly.', '2026-06-08 00:00:00-06', '2026-06-08 00:00:00-06', NULL, NULL, false);
INSERT INTO public.kudos VALUES (733, 'William Tanaka', 'Priya Sharma', 'sim', '289', 'Thanks for getting the client''s data export into the exact format their downstream system required without them having to ask twice.', '2026-05-11 00:00:00-06', '2026-05-11 00:00:00-06', 800, NULL, false);
INSERT INTO public.kudos VALUES (801, 'Yuki Sato', 'Maria Santos', 'sim', '357', 'Thanks for adding the client''s requested custom field to the data export in under an hour after they raised the need.', '2026-06-08 00:00:00-06', '2026-06-08 00:00:00-06', NULL, NULL, false);
INSERT INTO public.kudos VALUES (762, 'Maria Santos', 'Hannah Fitzgerald', 'sim', '318', 'Thank you for spending time with me to explain how our Kubernetes horizontal pod autoscaler is configured.', '2026-05-25 00:00:00-06', '2026-05-25 00:00:00-06', 801, NULL, false);
INSERT INTO public.kudos VALUES (802, 'Omar Haddad', 'William Tanaka', 'sim', '358', 'Thanks for walking the new team member through how to file an expense report and get their home office setup reimbursed.', '2026-06-08 00:00:00-06', '2026-06-08 00:00:00-06', NULL, NULL, false);
INSERT INTO public.kudos VALUES (738, 'William Tanaka', 'Zara Yilmaz', 'sim', '294', 'I really appreciate you pairing with me to refactor that tangled legacy code and explaining your reasoning as you went.', NULL, '2026-05-18 00:00:00-06', 802, NULL, false);
INSERT INTO public.kudos VALUES (804, 'Omar Haddad', 'Vivian Chang', 'sim', '360', 'Appreciate you building the shared monitoring alert that notifies both the platform team and the product team simultaneously.', '2026-06-15 00:00:00-06', '2026-06-15 00:00:00-06', NULL, NULL, false);
INSERT INTO public.kudos VALUES (671, 'Vivian Chang', 'Hannah Fitzgerald', 'sim', '227', 'Really appreciate you walking me through how to configure our linter rules and why each one matters.', '2026-04-20 00:00:00-06', '2026-04-20 00:00:00-06', 804, NULL, false);
INSERT INTO public.kudos VALUES (622, 'Omar Haddad', 'William Tanaka', 'sim', '178', 'Appreciate you walking me through how to use git bisect to track down the commit that introduced a regression.', '2026-03-23 00:00:00-06', '2026-03-23 00:00:00-06', 805, NULL, true);
INSERT INTO public.kudos VALUES (806, 'William Tanaka', 'Omar Haddad', 'sim', '362', 'Thanks for spending time with me after the sprint retro to help me improve how I communicate blockers.', '2026-06-15 00:00:00-06', '2026-06-15 00:00:00-06', NULL, NULL, false);
INSERT INTO public.kudos VALUES (623, 'Omar Haddad', 'Nathan Reyes', 'sim', '179', 'Appreciate you explaining how to write a service that handles clock skew between distributed nodes without corrupting state.', NULL, '2026-03-23 00:00:00-06', 806, NULL, false);
INSERT INTO public.kudos VALUES (631, 'Omar Haddad', 'Hannah Fitzgerald', 'sim', '187', 'Appreciate you walking me through how to use the internal on-call playbook to resolve the most common alert types.', '2026-03-30 00:00:00-06', '2026-03-30 00:00:00-06', 807, NULL, true);
INSERT INTO public.kudos VALUES (745, 'Omar Haddad', 'Henry Larsson', 'sim', '301', 'Appreciate you identifying and fixing the hot partition in DynamoDB that was causing throttling.', '2026-06-15 00:00:00-06', '2026-05-18 00:00:00-06', NULL, NULL, false);
INSERT INTO public.kudos VALUES (633, 'Omar Haddad', 'Derek Hanson', 'sim', '189', 'Really appreciate you going through my presentation slide by slide and helping me sharpen the narrative.', NULL, '2026-03-30 00:00:00-06', 808, NULL, false);
INSERT INTO public.kudos VALUES (809, 'Omar Haddad', 'William Tanaka', 'sim', '365', 'Great catch identifying that the encryption keys were being logged to stdout in plain text.', '2026-06-15 00:00:00-06', '2026-06-15 00:00:00-06', NULL, NULL, false);
INSERT INTO public.kudos VALUES (775, 'Omar Haddad', 'Henry Larsson', 'sim', '331', 'Really appreciate you explaining the team''s working agreements and how we handle disagreements to the new team member.', '2026-06-15 00:00:00-06', '2026-05-25 00:00:00-06', NULL, NULL, false);
INSERT INTO public.kudos VALUES (744, 'William Tanaka', 'Derek Hanson', 'sim', '300', 'Thanks for setting up the contract tests between the frontend and backend so we catch breaking changes early.', NULL, '2026-05-18 00:00:00-06', 809, NULL, false);
INSERT INTO public.kudos VALUES (808, 'Henry Larsson', 'Omar Haddad', 'sim', '364', 'Thank you for pairing with me on my first pull request to help me understand the team''s code review expectations.', '2026-06-15 00:00:00-06', '2026-06-15 00:00:00-06', 775, NULL, false);
INSERT INTO public.kudos VALUES (636, 'Omar Haddad', 'Henry Larsson', 'sim', '192', 'Appreciate you spotting that we could validate the webhook signature in the existing middleware layer instead of adding checks to every handler.', '2026-03-30 00:00:00-06', '2026-03-30 00:00:00-06', 811, NULL, true);
INSERT INTO public.kudos VALUES (828, 'William Tanaka', 'Priya Sharma', 'sim', '384', 'Appreciate you writing the migration that deduplicates the user records without any downtime.', '2026-06-22 00:00:00-06', '2026-06-22 00:00:00-06', NULL, NULL, false);
INSERT INTO public.kudos VALUES (812, 'Omar Haddad', 'Maria Santos', 'sim', '368', 'Nice work suggesting we use the platform''s built-in observability to create a dashboard for the new microservice in 10 minutes instead of writing custom metrics.', '2026-06-15 00:00:00-06', '2026-06-15 00:00:00-06', NULL, NULL, false);
INSERT INTO public.kudos VALUES (791, 'Omar Haddad', 'Henry Larsson', 'sim', '347', 'Really appreciate you migrating the file storage from local disk to S3 so the app works across multiple instances.', '2026-06-15 00:00:00-06', '2026-06-08 00:00:00-06', NULL, NULL, false);
INSERT INTO public.kudos VALUES (792, 'Maria Santos', 'Omar Haddad', 'sim', '348', 'Really appreciate you adding rate limiting to the public API to prevent abuse.', '2026-06-08 00:00:00-06', '2026-06-08 00:00:00-06', 812, NULL, false);
INSERT INTO public.kudos VALUES (811, 'Henry Larsson', 'Omar Haddad', 'sim', '367', 'Appreciate you taking the time to translate all the error messages from technical jargon to user-friendly language.', '2026-06-15 00:00:00-06', '2026-06-15 00:00:00-06', 791, NULL, false);
INSERT INTO public.kudos VALUES (814, 'Omar Haddad', 'William Tanaka', 'sim', '370', 'Great job building a self-service troubleshooting flow for the client''s most common support issue so they could fix it themselves.', '2026-06-15 00:00:00-06', '2026-06-15 00:00:00-06', NULL, NULL, false);
INSERT INTO public.kudos VALUES (755, 'William Tanaka', 'Daniel Moreau', 'sim', '311', 'Great job rewriting the client-facing error messages in our API to be actionable instead of cryptic codes.', '2026-05-18 00:00:00-06', '2026-05-18 00:00:00-06', 814, NULL, false);
INSERT INTO public.kudos VALUES (816, 'Omar Haddad', 'William Tanaka', 'sim', '372', 'Great work preparing a list of good first issues for the new engineer to tackle so they could contribute quickly.', '2026-06-15 00:00:00-06', '2026-06-15 00:00:00-06', NULL, NULL, false);
INSERT INTO public.kudos VALUES (756, 'William Tanaka', 'Daniel Moreau', 'sim', '312', 'Thanks for creating a custom rollback plan for the client so they felt confident approving the major upgrade.', '2026-05-18 00:00:00-06', '2026-05-18 00:00:00-06', 816, NULL, false);
INSERT INTO public.kudos VALUES (819, 'Hannah Fitzgerald', 'Omar Haddad', 'sim', '375', 'Really appreciate you creating a checklist of everything a new hire needs to complete in their first week so nothing falls through the cracks.', '2026-06-15 00:00:00-06', '2026-06-15 00:00:00-06', NULL, NULL, false);
INSERT INTO public.kudos VALUES (640, 'Omar Haddad', 'William Tanaka', 'sim', '196', 'Thanks for coordinating the inter-team effort to reduce the size of the shared CI pipeline by extracting reusable steps.', '2026-04-06 00:00:00-06', '2026-04-06 00:00:00-06', 819, NULL, false);
INSERT INTO public.kudos VALUES (821, 'Omar Haddad', 'William Tanaka', 'sim', '377', 'Great job organizing the team''s virtual holiday party with games, prizes, and a heartfelt year-in-review slideshow.', '2026-06-15 00:00:00-06', '2026-06-15 00:00:00-06', NULL, NULL, false);
INSERT INTO public.kudos VALUES (757, 'William Tanaka', 'Mei-Lin Wu', 'sim', '313', 'Really appreciate you proactively reaching out to the new hire each morning to see if they were blocked on anything.', '2026-05-18 00:00:00-06', '2026-05-18 00:00:00-06', 821, NULL, false);
INSERT INTO public.kudos VALUES (822, 'William Tanaka', 'Omar Haddad', 'sim', '378', 'Great job proposing we name a product feature after a longstanding team joke to celebrate our shared history.', '2026-06-15 00:00:00-06', '2026-06-15 00:00:00-06', NULL, NULL, false);
INSERT INTO public.kudos VALUES (642, 'Omar Haddad', 'Daniel Moreau', 'sim', '198', 'Thank you for running a session on how to use the internal knowledge base to find answers before escalating.', '2026-04-06 00:00:00-06', '2026-04-06 00:00:00-06', 822, NULL, false);
INSERT INTO public.kudos VALUES (823, 'Hannah Fitzgerald', 'Omar Haddad', 'sim', '379', 'Appreciate you documenting the cross-team dependencies before the quarterly planning so nothing got missed.', '2026-06-22 00:00:00-06', '2026-06-22 00:00:00-06', NULL, NULL, false);
INSERT INTO public.kudos VALUES (648, 'Omar Haddad', 'William Tanaka', 'sim', '204', 'Great job proactively setting up the rollback triggers for the new feature flag so they could be executed in under a minute if needed.', '2026-04-06 00:00:00-06', '2026-04-06 00:00:00-06', 823, NULL, false);
INSERT INTO public.kudos VALUES (825, 'Omar Haddad', 'Nadia Kuznetsova', 'sim', '381', 'Really appreciate you taking notes during the sprint retrospective and sending them out to the full team.', NULL, '2026-06-22 00:00:00-06', NULL, NULL, false);
INSERT INTO public.kudos VALUES (826, 'William Tanaka', 'Daniel Moreau', 'sim', '382', 'Appreciate you explaining how to write a test that validates our service''s behavior under network partition conditions.', '2026-06-22 00:00:00-06', '2026-06-22 00:00:00-06', NULL, NULL, false);
INSERT INTO public.kudos VALUES (753, 'Daniel Moreau', 'Kevin O''Brien', 'sim', '309', 'Great job documenting the approval matrix for infrastructure change requests so everyone knows the process.', '2026-06-08 00:00:00-06', '2026-05-18 00:00:00-06', 826, NULL, false);
INSERT INTO public.kudos VALUES (815, 'Omar Haddad', 'Henry Larsson', 'sim', '371', 'Really appreciate you walking the new product manager through how we involve engineering in early product discovery.', '2026-06-22 00:00:00-06', '2026-06-15 00:00:00-06', NULL, NULL, false);
INSERT INTO public.kudos VALUES (649, 'Omar Haddad', 'Michael Johansson', 'sim', '205', 'Thanks for discovering we could use a Postgres foreign table to query the partner''s Snowflake warehouse directly from our application without an ETL pipeline.', '2026-04-06 00:00:00-06', '2026-04-06 00:00:00-06', 827, NULL, false);
INSERT INTO public.kudos VALUES (817, 'Omar Haddad', 'Henry Larsson', 'sim', '373', 'Great job explaining how our prioritization framework works with a real example from a recent planning cycle to the new PM.', '2026-06-22 00:00:00-06', '2026-06-15 00:00:00-06', NULL, NULL, false);
INSERT INTO public.kudos VALUES (545, 'Priya Sharma', 'Kevin O''Brien', 'sim', '101', 'Appreciate you taking time to explain how our internal recommendation engine works and how features feed into it.', '2026-02-23 00:00:00-07', '2026-02-09 00:00:00-07', 828, NULL, false);
INSERT INTO public.kudos VALUES (827, 'Henry Larsson', 'Omar Haddad', 'sim', '383', 'Really appreciate you walking me through how to use the internal analytics dashboard to validate product assumptions.', '2026-06-22 00:00:00-06', '2026-06-22 00:00:00-06', 817, NULL, false);
INSERT INTO public.kudos VALUES (829, 'Leo Gutierrez', 'Omar Haddad', 'sim', '385', 'Appreciate you proactively identifying which features needed database indices before the load test, saving hours of investigation afterward.', '2026-06-22 00:00:00-06', '2026-06-22 00:00:00-06', NULL, NULL, false);
INSERT INTO public.kudos VALUES (650, 'Omar Haddad', 'Vivian Chang', 'sim', '206', 'Thanks for discovering we could use a union all query to consolidate the three separate event log tables into a single virtual timeline view.', '2026-04-06 00:00:00-06', '2026-04-06 00:00:00-06', 829, NULL, false);
INSERT INTO public.kudos VALUES (830, 'Omar Haddad', 'Priya Sharma', 'sim', '386', 'Appreciate you volunteering to write the acceptance criteria for all the backlog stories before the planning session.', '2026-06-22 00:00:00-06', '2026-06-22 00:00:00-06', NULL, NULL, false);
INSERT INTO public.kudos VALUES (587, 'Priya Sharma', 'Maria Santos', 'sim', '143', 'Really appreciate you making sure the technical writer was included in the feature kickoff so documentation was planned from day one.', '2026-04-27 00:00:00-06', '2026-03-09 00:00:00-06', 830, NULL, true);
INSERT INTO public.kudos VALUES (831, 'Keiko Nakamura', 'Hannah Fitzgerald', 'sim', '387', 'Really appreciate you proposing we use Postgres inheritance to model the product variants without duplicating the base product columns.', '2026-06-22 00:00:00-06', '2026-06-22 00:00:00-06', NULL, NULL, false);
INSERT INTO public.kudos VALUES (832, 'Hannah Fitzgerald', 'Omar Haddad', 'sim', '388', 'Appreciate you sharing the comprehensive notes from the vendor evaluation process for the new billing provider.', '2026-06-22 00:00:00-06', '2026-06-22 00:00:00-06', NULL, NULL, false);
INSERT INTO public.kudos VALUES (655, 'Omar Haddad', 'Kevin O''Brien', 'sim', '211', 'Thanks for hosting the cross-team design session that produced a unified navigation pattern for both the web and mobile apps.', '2026-05-18 00:00:00-06', '2026-04-13 00:00:00-06', 832, NULL, false);
INSERT INTO public.kudos VALUES (833, 'Keiko Nakamura', 'Sana Kapoor', 'sim', '389', 'Really appreciate you organizing a steering committee meeting between our leadership and the client''s leadership to get the stalled project back on track.', '2026-06-22 00:00:00-06', '2026-06-22 00:00:00-06', NULL, NULL, false);
INSERT INTO public.kudos VALUES (584, 'Sana Kapoor', 'Henry Larsson', 'sim', '140', 'Really appreciate you proposing we use semantic versioning tags on our internal libraries so dependents can pin to stable versions.', '2026-03-16 00:00:00-06', '2026-03-02 00:00:00-07', 833, NULL, false);
INSERT INTO public.kudos VALUES (618, 'Omar Haddad', 'John Kowalski', 'sim', '174', 'Really appreciate you building the data diff tool that let the team verify the migration results in thirty minutes instead of three days.', '2026-06-22 00:00:00-06', '2026-03-16 00:00:00-06', 803, NULL, false);
INSERT INTO public.kudos VALUES (461, 'Keiko Nakamura', 'Omar Haddad', 'sim', '17', 'Appreciate you helping the two squads write a shared user story for the cross-cutting authentication feature.', '2025-12-29 00:00:00-07', '2025-12-29 00:00:00-07', 834, NULL, false);
INSERT INTO public.kudos VALUES (835, 'William Tanaka', 'Omar Haddad', 'sim', '391', 'Great job documenting the client''s escalation path so anyone on the team can handle their account in an emergency.', '2026-06-22 00:00:00-06', '2026-06-22 00:00:00-06', NULL, NULL, false);
INSERT INTO public.kudos VALUES (820, 'Omar Haddad', 'John Kowalski', 'sim', '376', 'Great work putting together a recorded demo of the full product from a user''s perspective for new team members to watch.', '2026-06-22 00:00:00-06', '2026-06-15 00:00:00-06', NULL, NULL, false);
INSERT INTO public.kudos VALUES (658, 'Omar Haddad', 'Daniel Moreau', 'sim', '214', 'Appreciate you hosting a session on how to write SQL views that are reusable and do not duplicate business logic.', '2026-04-27 00:00:00-06', '2026-04-13 00:00:00-06', 835, NULL, false);
INSERT INTO public.kudos VALUES (834, 'John Kowalski', 'Keiko Nakamura', 'sim', '390', 'Great work organizing a full-day workshop with the client to redesign their process around the new platform capabilities.', '2026-06-22 00:00:00-06', '2026-06-22 00:00:00-06', 820, NULL, false);
INSERT INTO public.kudos VALUES (836, 'Hannah Fitzgerald', 'Omar Haddad', 'sim', '392', 'Great job spending four hours helping the client recover their accidentally deleted data before the issue was even escalated.', '2026-06-22 00:00:00-06', '2026-06-22 00:00:00-06', NULL, NULL, false);
INSERT INTO public.kudos VALUES (662, 'Omar Haddad', 'William Tanaka', 'sim', '218', 'Appreciate you spotting that we could fix the broken CSV import for international users by detecting the delimiter instead of hardcoding a comma.', '2026-04-13 00:00:00-06', '2026-04-13 00:00:00-06', 836, NULL, false);
INSERT INTO public.kudos VALUES (837, 'Hannah Fitzgerald', 'John Kowalski', 'sim', '393', 'Great job crafting a clear, empathetic response to a client who was upset about a pricing change and offering them a tailored transition plan.', NULL, '2026-06-22 00:00:00-06', NULL, NULL, false);
INSERT INTO public.kudos VALUES (838, 'Omar Haddad', 'William Tanaka', 'sim', '394', 'Great job calling the client''s IT team directly to walk them through the firewall changes needed for our integration.', '2026-06-22 00:00:00-06', '2026-06-22 00:00:00-06', NULL, NULL, false);
INSERT INTO public.kudos VALUES (767, 'William Tanaka', 'Omar Haddad', 'sim', '323', 'Great catch finding the unbounded queue that was causing out-of-memory crashes under sustained load.', '2026-05-25 00:00:00-06', '2026-05-25 00:00:00-06', 838, NULL, true);
INSERT INTO public.kudos VALUES (839, 'Omar Haddad', 'Mei-Lin Wu', 'sim', '395', 'Thanks for scheduling daily 15-minute check-ins with the new analyst during their first two weeks.', '2026-06-22 00:00:00-06', '2026-06-22 00:00:00-06', NULL, NULL, false);
INSERT INTO public.kudos VALUES (748, 'Mei-Lin Wu', 'Hannah Fitzgerald', 'sim', '304', 'Thanks for discovering we could use a sparse representation to store the permission matrix, cutting the table size by 90 percent.', '2026-05-18 00:00:00-06', '2026-05-18 00:00:00-06', 839, NULL, false);
INSERT INTO public.kudos VALUES (663, 'Omar Haddad', 'Michael Johansson', 'sim', '219', 'Really appreciate you proposing we use a cookie-based A/B assignment so the user sees the same variant across sessions without a server-side store.', '2026-06-08 00:00:00-06', '2026-04-13 00:00:00-06', 840, NULL, false);
INSERT INTO public.kudos VALUES (666, 'Omar Haddad', 'Nathan Reyes', 'sim', '222', 'Thanks for presenting the cost analysis of our cloud infrastructure to the engineering and finance teams.', NULL, '2026-04-13 00:00:00-06', 841, NULL, false);
INSERT INTO public.kudos VALUES (787, 'Omar Haddad', 'Kevin O''Brien', 'sim', '343', 'Thank you for coaching me on how to run a technical interview in a way that is fair and consistent.', '2026-06-22 00:00:00-06', '2026-06-08 00:00:00-06', NULL, NULL, true);
INSERT INTO public.kudos VALUES (798, 'Hannah Fitzgerald', 'Omar Haddad', 'sim', '354', 'Appreciate you writing that guide on how to use snapshot testing effectively in the frontend component library.', '2026-06-08 00:00:00-06', '2026-06-08 00:00:00-06', 842, NULL, false);
INSERT INTO public.kudos VALUES (788, 'Michael Johansson', 'Kevin O''Brien', 'sim', '344', 'Thanks for writing the runbook that lets any on-call engineer restore the search index without escalating.', '2026-06-22 00:00:00-06', '2026-06-08 00:00:00-06', 663, NULL, true);
INSERT INTO public.kudos VALUES (844, 'Omar Haddad', 'Mei-Lin Wu', 'sim', '400', 'Great work connecting the backend team with the data platform team to resolve the slow query affecting multiple services.', '2026-06-29 00:00:00-06', '2026-06-29 00:00:00-06', NULL, NULL, true);
INSERT INTO public.kudos VALUES (789, 'Omar Haddad', 'Kevin O''Brien', 'sim', '345', 'Great job implementing the proper lease-based distributed mutex to replace the broken file lock approach.', '2026-06-29 00:00:00-06', '2026-06-08 00:00:00-06', NULL, NULL, true);
INSERT INTO public.kudos VALUES (845, 'Omar Haddad', 'Andre Martineau', 'sim', '401', 'Appreciate you writing the runbook collaboratively with ops so both teams understood the deployment steps.', '2026-06-29 00:00:00-06', '2026-06-29 00:00:00-06', NULL, NULL, true);
INSERT INTO public.kudos VALUES (810, 'Omar Haddad', 'Kevin O''Brien', 'sim', '366', 'Really appreciate you fixing the broken canary deployment config that was routing 100% of traffic to the new version.', '2026-06-29 00:00:00-06', '2026-06-15 00:00:00-06', NULL, NULL, true);
INSERT INTO public.kudos VALUES (846, 'Kevin O''Brien', 'Omar Haddad', 'sim', '402', 'Appreciate you hosting a session on how to write effective status page updates during a production incident.', '2026-06-29 00:00:00-06', '2026-06-29 00:00:00-06', NULL, NULL, true);
INSERT INTO public.kudos VALUES (843, 'Daniel Moreau', 'Kevin O''Brien', 'sim', '399', 'Great job planning the team scavenger hunt that gave everyone a fun reason to move around and connect.', '2026-06-29 00:00:00-06', '2026-06-22 00:00:00-06', NULL, NULL, true);
INSERT INTO public.kudos VALUES (847, 'David Okafor', 'Hannah Fitzgerald', 'sim', '403', 'Great work implementing PKCE for the OAuth flow to prevent authorization code interception.', '2026-06-29 00:00:00-06', '2026-06-29 00:00:00-06', NULL, NULL, true);
INSERT INTO public.kudos VALUES (681, 'Omar Haddad', 'David Okafor', 'sim', '237', 'Appreciate you spending your lunch break helping the client''s admin user recover access after they were locked out before an important demo.', '2026-06-29 00:00:00-06', '2026-04-20 00:00:00-06', NULL, NULL, true);
INSERT INTO public.kudos VALUES (848, 'Clara Hoffmann', 'Omar Haddad', 'sim', '404', 'Great work implementing PKCE for the OAuth flow to prevent authorization code interception.', '2026-06-29 00:00:00-06', '2026-06-29 00:00:00-06', NULL, NULL, true);
INSERT INTO public.kudos VALUES (754, 'Omar Haddad', 'David Okafor', 'sim', '310', 'Great job creating that Confluence page walking through the data model for the billing module.', '2026-06-29 00:00:00-06', '2026-05-18 00:00:00-06', NULL, NULL, true);
INSERT INTO public.kudos VALUES (849, 'William Tanaka', 'Omar Haddad', 'sim', '405', 'Thanks for volunteering to shadow and document the manual data reconciliation process so it could finally be automated.', '2026-06-29 00:00:00-06', '2026-06-29 00:00:00-06', NULL, NULL, true);
INSERT INTO public.kudos VALUES (793, 'Hannah Fitzgerald', 'David Okafor', 'sim', '349', 'Really appreciate you creating a cheat sheet of the most common SQL queries for the analytics database to help the business team self-serve.', '2026-06-29 00:00:00-06', '2026-06-08 00:00:00-06', 831, NULL, true);
INSERT INTO public.kudos VALUES (850, 'Omar Haddad', 'Noah Whitfield', 'sim', '406', 'Really appreciate you personally verifying data integrity across all records after the migration script had a partial failure.', '2026-06-29 00:00:00-06', '2026-06-29 00:00:00-06', NULL, NULL, true);
INSERT INTO public.kudos VALUES (851, 'Leo Gutierrez', 'Omar Haddad', 'sim', '407', 'Thanks for volunteering to create the shared evaluation criteria doc before the build-vs-buy decision meeting so the discussion would be structured.', '2026-06-29 00:00:00-06', '2026-06-29 00:00:00-06', NULL, NULL, true);
INSERT INTO public.kudos VALUES (852, 'William Tanaka', 'Ahmed Farouk', 'sim', '408', 'Appreciate you spotting that the accessibility issue with the data table could be fixed by adding a caption element rather than a visible heading change.', '2026-06-29 00:00:00-06', '2026-06-29 00:00:00-06', NULL, NULL, true);
INSERT INTO public.kudos VALUES (853, 'Omar Haddad', 'Hannah Fitzgerald', 'sim', '409', 'Appreciate you spotting that we could validate the webhook signature in the existing middleware layer instead of adding checks to every handler.', '2026-06-29 00:00:00-06', '2026-06-29 00:00:00-06', NULL, NULL, true);
INSERT INTO public.kudos VALUES (854, 'Hannah Fitzgerald', 'Omar Haddad', 'sim', '410', 'Thanks for optimizing the image compression pipeline so the CDN upload step finished inside the deploy window.', '2026-06-29 00:00:00-06', '2026-06-29 00:00:00-06', NULL, NULL, true);
INSERT INTO public.kudos VALUES (855, 'Omar Haddad', 'William Tanaka', 'sim', '411', 'Thanks for writing the migration that split the monolithic users table into separate profile and authentication tables without downtime.', '2026-06-29 00:00:00-06', '2026-06-29 00:00:00-06', NULL, NULL, true);
INSERT INTO public.kudos VALUES (856, 'Omar Haddad', 'Clara Hoffmann', 'sim', '412', 'Thanks for presenting the findings from the three-month accessibility audit to the frontend guild.', '2026-06-29 00:00:00-06', '2026-06-29 00:00:00-06', NULL, NULL, true);
INSERT INTO public.kudos VALUES (857, 'Omar Haddad', 'Michael Johansson', 'sim', '413', 'Thanks for documenting every assumption in the revenue forecast model so the finance team can validate them.', NULL, '2026-06-29 00:00:00-06', NULL, NULL, false);
INSERT INTO public.kudos VALUES (858, 'William Tanaka', 'Omar Haddad', 'sim', '414', 'Thanks for building an interactive FAQ into our client portal that surfaces answers based on what the client is currently doing in the app.', '2026-06-29 00:00:00-06', '2026-06-29 00:00:00-06', NULL, NULL, true);
INSERT INTO public.kudos VALUES (859, 'Omar Haddad', 'Daniel Moreau', 'sim', '415', 'Great work personally calling the client to acknowledge the bug before they had a chance to file a complaint.', '2026-06-29 00:00:00-06', '2026-06-29 00:00:00-06', NULL, NULL, true);
INSERT INTO public.kudos VALUES (860, 'Iris Papadopoulos', 'Maria Santos', 'sim', '416', 'Really appreciate you making yourself available outside business hours during the client''s peak season to handle any urgent issues.', '2026-06-29 00:00:00-06', '2026-06-29 00:00:00-06', NULL, NULL, true);
INSERT INTO public.kudos VALUES (861, 'Henry Larsson', 'Hannah Fitzgerald', 'sim', '417', 'Thanks for creating a curated reading list of our most important internal documentation for new team members.', '2026-06-29 00:00:00-06', '2026-06-29 00:00:00-06', NULL, NULL, true);
INSERT INTO public.kudos VALUES (862, 'James Chen', 'Hannah Fitzgerald', 'sim', '418', 'Really appreciate you helping the new engineer set up their first database migration script and walking through the review process with them.', '2026-06-29 00:00:00-06', '2026-06-29 00:00:00-06', NULL, NULL, true);
INSERT INTO public.kudos VALUES (765, 'Omar Haddad', 'James Chen', 'sim', '321', 'I really appreciate you pairing with me to refactor that tangled legacy code and explaining your reasoning as you went.', '2026-06-29 00:00:00-06', '2026-05-25 00:00:00-06', NULL, NULL, true);
INSERT INTO public.kudos VALUES (863, 'Omar Haddad', 'Daniel Moreau', 'sim', '419', 'Great job starting a tradition of sending a Friday recap of everything the team achieved that week.', '2026-06-29 00:00:00-06', '2026-06-29 00:00:00-06', NULL, NULL, true);
INSERT INTO public.kudos VALUES (818, 'Sofia Petrov', 'James Chen', 'sim', '374', 'Really appreciate you making time to answer the new engineer''s questions even during your busiest week of the quarter.', '2026-06-29 00:00:00-06', '2026-06-15 00:00:00-06', NULL, NULL, true);
INSERT INTO public.kudos VALUES (864, 'Omar Haddad', 'Henry Larsson', 'sim', '420', 'Really appreciate you building a simple recognition tracker so managers could monitor who hadn''t been recognized lately.', '2026-06-29 00:00:00-06', '2026-06-29 00:00:00-06', NULL, NULL, true);
INSERT INTO public.kudos VALUES (824, 'Maria Santos', 'James Chen', 'sim', '380', 'Thanks for reaching out to the DevOps team on our behalf to expedite the infrastructure request.', '2026-06-29 00:00:00-06', '2026-06-22 00:00:00-06', NULL, NULL, true);
INSERT INTO public.kudos VALUES (865, 'William Tanaka', 'Mei-Lin Wu', 'sim', '421', 'Great job setting up a gratitude jar in the break room where people left notes about their colleagues.', '2026-06-29 00:00:00-06', '2026-06-29 00:00:00-06', NULL, NULL, true);
INSERT INTO public.kudos VALUES (866, 'William Tanaka', 'Hannah Fitzgerald', 'sim', '422', 'Thanks for organizing the joint planning session where the data engineering and analytics teams aligned on the shared data model for the new product area.', '2026-07-06 00:00:00-06', '2026-07-06 00:00:00-06', NULL, NULL, false);
INSERT INTO public.kudos VALUES (803, 'Hannah Fitzgerald', 'Omar Haddad', 'sim', '359', 'Really appreciate you explaining how our internal chat bots and automation tools work to the new team member.', '2026-06-08 00:00:00-06', '2026-06-08 00:00:00-06', 866, NULL, false);
INSERT INTO public.kudos VALUES (867, 'William Tanaka', 'Daniel Moreau', 'sim', '423', 'Thanks for coordinating with the legal team to get the data processing agreement reviewed before the deadline.', '2026-07-06 00:00:00-06', '2026-07-06 00:00:00-06', NULL, NULL, false);
INSERT INTO public.kudos VALUES (768, 'Daniel Moreau', 'Leo Gutierrez', 'sim', '324', 'Really appreciate you adding the query result caching to the reporting service so the end-of-quarter dashboard loaded instantly.', '2026-05-25 00:00:00-06', '2026-05-25 00:00:00-06', 867, NULL, true);
INSERT INTO public.kudos VALUES (868, 'Hannah Fitzgerald', 'William Tanaka', 'sim', '424', 'Thank you for coaching me on how to manage my own mentoring relationships as I take on more junior engineers.', '2026-07-06 00:00:00-06', '2026-07-06 00:00:00-06', NULL, NULL, false);
INSERT INTO public.kudos VALUES (771, 'William Tanaka', 'Ahmed Farouk', 'sim', '327', 'Thanks for writing up that detailed runbook on how to debug the message queue issues.', '2026-05-25 00:00:00-06', '2026-05-25 00:00:00-06', 868, NULL, true);
INSERT INTO public.kudos VALUES (869, 'Iris Papadopoulos', 'Michael Johansson', 'sim', '425', 'Thanks for walking me through how to onboard a new engineer onto a project I was leading for the first time.', NULL, '2026-07-06 00:00:00-06', NULL, NULL, false);
INSERT INTO public.kudos VALUES (870, 'Omar Haddad', 'William Tanaka', 'sim', '426', 'Thank you for pairing with me to write the first version of our API client library and explaining the interface design choices.', '2026-07-06 00:00:00-06', '2026-07-06 00:00:00-06', NULL, NULL, false);
INSERT INTO public.kudos VALUES (774, 'William Tanaka', 'Michael Johansson', 'sim', '330', 'Great job catching that the client''s data import was failing and fixing it before they even noticed.', NULL, '2026-05-25 00:00:00-06', 870, NULL, false);
INSERT INTO public.kudos VALUES (871, 'William Tanaka', 'Omar Haddad', 'sim', '427', 'Thanks for explaining how to use our load balancer health check endpoints to diagnose traffic routing issues.', '2026-07-06 00:00:00-06', '2026-07-06 00:00:00-06', NULL, NULL, false);
INSERT INTO public.kudos VALUES (673, 'Omar Haddad', 'Hannah Fitzgerald', 'sim', '229', 'Great work refactoring the tightly coupled modules so each service can be deployed independently.', '2026-04-20 00:00:00-06', '2026-04-20 00:00:00-06', 871, NULL, false);
INSERT INTO public.kudos VALUES (872, 'Daniel Moreau', 'Kevin O''Brien', 'sim', '428', 'Great job eliminating the circular dependency between the core and utilities packages.', '2026-07-06 00:00:00-06', '2026-07-06 00:00:00-06', NULL, NULL, false);
INSERT INTO public.kudos VALUES (842, 'Kevin O''Brien', 'Hannah Fitzgerald', 'sim', '398', 'Great job suggesting a team cooking class as the offsite activity instead of the usual meeting format.', '2026-06-22 00:00:00-06', '2026-06-22 00:00:00-06', 872, NULL, false);
INSERT INTO public.kudos VALUES (873, 'Hannah Fitzgerald', 'Omar Haddad', 'sim', '429', 'Thanks for catching the missing null check on the third-party API response that was crashing the sync job.', '2026-07-06 00:00:00-06', '2026-07-06 00:00:00-06', NULL, NULL, false);
INSERT INTO public.kudos VALUES (874, 'Maria Santos', 'Daniel Moreau', 'sim', '430', 'Thanks for catching the unclosed file handle that was slowly exhausting file descriptors in production.', '2026-07-06 00:00:00-06', '2026-07-06 00:00:00-06', NULL, NULL, false);
INSERT INTO public.kudos VALUES (781, 'Daniel Moreau', 'Hannah Fitzgerald', 'sim', '337', 'Thanks for building a custom notification digest for the client so they got one daily summary instead of dozens of individual alerts.', '2026-06-01 00:00:00-06', '2026-06-01 00:00:00-06', 874, NULL, false);
INSERT INTO public.kudos VALUES (875, 'Omar Haddad', 'Thomas Brennan', 'sim', '431', 'Thanks for realizing the PDF generation problem could be solved by switching to a headless browser render instead of the custom library.', '2026-07-06 00:00:00-06', '2026-07-06 00:00:00-06', NULL, NULL, false);
INSERT INTO public.kudos VALUES (586, 'Thomas Brennan', 'Omar Haddad', 'sim', '142', 'Thanks for proactively sharing the performance benchmark results with all teams consuming the shared service.', '2026-03-09 00:00:00-06', '2026-03-09 00:00:00-06', 875, NULL, false);
INSERT INTO public.kudos VALUES (876, 'William Tanaka', 'Omar Haddad', 'sim', '432', 'Great work writing the guide on how to instrument code with our internal metrics library.', '2026-07-06 00:00:00-06', '2026-07-06 00:00:00-06', NULL, NULL, false);
INSERT INTO public.kudos VALUES (676, 'Omar Haddad', 'Daniel Moreau', 'sim', '232', 'Really appreciate you catching the insecure direct object reference vulnerability before the security team''s audit.', '2026-04-27 00:00:00-06', '2026-04-20 00:00:00-06', 876, NULL, false);
INSERT INTO public.kudos VALUES (877, 'Omar Haddad', 'William Tanaka', 'sim', '433', 'Really appreciate you creating that internal reference on how the job scheduler handles priority queuing.', '2026-07-06 00:00:00-06', '2026-07-06 00:00:00-06', NULL, NULL, false);
INSERT INTO public.kudos VALUES (776, 'William Tanaka', 'Omar Haddad', 'sim', '332', 'Really appreciate you proactively reaching out to the new hire each morning to see if they were blocked on anything.', '2026-05-25 00:00:00-06', '2026-05-25 00:00:00-06', 877, NULL, true);
INSERT INTO public.kudos VALUES (878, 'William Tanaka', 'Mei-Lin Wu', 'sim', '434', 'Great work setting up an automated weekly check on the client''s most critical reports to catch silent failures before they cause problems.', '2026-07-06 00:00:00-06', '2026-07-06 00:00:00-06', NULL, NULL, false);
INSERT INTO public.kudos VALUES (769, 'Mei-Lin Wu', 'William Tanaka', 'sim', '325', 'Thanks for coordinating with the mobile team to release the app update and backend change simultaneously without a gap.', '2026-05-25 00:00:00-06', '2026-05-25 00:00:00-06', 878, NULL, true);
INSERT INTO public.kudos VALUES (879, 'Hannah Fitzgerald', 'William Tanaka', 'sim', '435', 'Thanks for setting a personal reminder to check in with the client every two weeks even when there were no open tickets.', '2026-07-06 00:00:00-06', '2026-07-06 00:00:00-06', NULL, NULL, false);
INSERT INTO public.kudos VALUES (782, 'William Tanaka', 'Henry Larsson', 'sim', '338', 'Really appreciate you reducing the response time for a key client by creating a priority queue routing rule just for their domain.', '2026-06-15 00:00:00-06', '2026-06-01 00:00:00-06', 879, NULL, false);
INSERT INTO public.kudos VALUES (880, 'William Tanaka', 'Omar Haddad', 'sim', '436', 'Great work staying on the phone with the frustrated client for ninety minutes until their issue was fully resolved.', '2026-07-06 00:00:00-06', '2026-07-06 00:00:00-06', NULL, NULL, false);
INSERT INTO public.kudos VALUES (677, 'Omar Haddad', 'Mei-Lin Wu', 'sim', '233', 'Really appreciate you getting the broken CI badge updated in the README so contributors could see build status correctly.', '2026-04-20 00:00:00-06', '2026-04-20 00:00:00-06', 880, NULL, false);
INSERT INTO public.kudos VALUES (881, 'Sofia Petrov', 'Mei-Lin Wu', 'sim', '437', 'Really appreciate you putting together a detailed project post-mortem with the client to document lessons learned for future implementations.', '2026-07-06 00:00:00-06', '2026-07-06 00:00:00-06', NULL, NULL, false);
INSERT INTO public.kudos VALUES (840, 'Mei-Lin Wu', 'Omar Haddad', 'sim', '396', 'Great work writing up the glossary of internal acronyms and project codenames for new joiners.', '2026-06-22 00:00:00-06', '2026-06-22 00:00:00-06', 881, NULL, false);
INSERT INTO public.kudos VALUES (882, 'Mei-Lin Wu', 'Omar Haddad', 'sim', '438', 'Thanks for using the client''s recorded support calls to build a training resource for new support hires on how to handle complex scenarios.', '2026-07-06 00:00:00-06', '2026-07-06 00:00:00-06', NULL, NULL, false);
INSERT INTO public.kudos VALUES (678, 'Omar Haddad', 'William Tanaka', 'sim', '234', 'Appreciate you running that workshop on debugging production issues using distributed tracing.', '2026-04-20 00:00:00-06', '2026-04-20 00:00:00-06', 882, NULL, false);
INSERT INTO public.kudos VALUES (883, 'Omar Haddad', 'Hannah Fitzgerald', 'sim', '439', 'Great work making sure the new hire understood our incident severity levels and what each one requires before they went on call.', '2026-07-06 00:00:00-06', '2026-07-06 00:00:00-06', NULL, NULL, false);
INSERT INTO public.kudos VALUES (813, 'Hannah Fitzgerald', 'Kevin O''Brien', 'sim', '369', 'Great thinking proposing we use a changelog table trigger to audit changes instead of adding audit calls throughout the application code.', '2026-06-29 00:00:00-06', '2026-06-15 00:00:00-06', 883, NULL, true);
INSERT INTO public.kudos VALUES (884, 'Mei-Lin Wu', 'William Tanaka', 'sim', '440', 'Thanks for creating a written guide on how to navigate blockers when you''re new and don''t yet know who to ask.', '2026-07-06 00:00:00-06', '2026-07-06 00:00:00-06', NULL, NULL, false);
INSERT INTO public.kudos VALUES (805, 'William Tanaka', 'Omar Haddad', 'sim', '361', 'Thanks for organizing the collaborative sprint planning between the platform and product teams to sequence the work correctly.', '2026-06-15 00:00:00-06', '2026-06-15 00:00:00-06', 884, NULL, false);
INSERT INTO public.kudos VALUES (885, 'Omar Haddad', 'Daniel Moreau', 'sim', '441', 'Really appreciate you setting up the team language guide to encourage positive framing in our communication.', '2026-07-06 00:00:00-06', '2026-07-06 00:00:00-06', NULL, NULL, false);
INSERT INTO public.kudos VALUES (841, 'Daniel Moreau', 'Omar Haddad', 'sim', '397', 'Really appreciate you explaining our deprecation policy and how we handle removing old features to the new engineer.', '2026-06-22 00:00:00-06', '2026-06-22 00:00:00-06', 885, NULL, false);
INSERT INTO public.kudos VALUES (886, 'William Tanaka', 'Maria Santos', 'sim', '442', 'Appreciate you posting the positive NPS survey results with shout-outs to the individuals whose work drove them.', '2026-07-06 00:00:00-06', '2026-07-06 00:00:00-06', NULL, NULL, false);
INSERT INTO public.kudos VALUES (807, 'Maria Santos', 'Omar Haddad', 'sim', '363', 'Thanks for explaining how to configure our service to handle graceful shutdowns when Kubernetes sends a SIGTERM.', '2026-06-15 00:00:00-06', '2026-06-15 00:00:00-06', 886, NULL, false);


--
-- Data for Name: cluster_members; Type: TABLE DATA; Schema: public; Owner: -
--



--
-- Data for Name: covariates; Type: TABLE DATA; Schema: public; Owner: -
--

INSERT INTO public.covariates VALUES ('num_users', '2025-49', 23);
INSERT INTO public.covariates VALUES ('num_users', '2025-50', 23);
INSERT INTO public.covariates VALUES ('num_users', '2025-51', 24);
INSERT INTO public.covariates VALUES ('num_users', '2025-52', 25);
INSERT INTO public.covariates VALUES ('num_users', '2026-01', 28);
INSERT INTO public.covariates VALUES ('num_users', '2026-02', 27);
INSERT INTO public.covariates VALUES ('num_users', '2026-03', 26);
INSERT INTO public.covariates VALUES ('num_users', '2026-04', 25);
INSERT INTO public.covariates VALUES ('num_users', '2026-05', 30);
INSERT INTO public.covariates VALUES ('num_users', '2026-06', 30);
INSERT INTO public.covariates VALUES ('num_users', '2026-07', 27);
INSERT INTO public.covariates VALUES ('num_users', '2026-08', 27);
INSERT INTO public.covariates VALUES ('num_users', '2026-09', 31);
INSERT INTO public.covariates VALUES ('num_users', '2026-10', 30);
INSERT INTO public.covariates VALUES ('num_users', '2026-11', 33);
INSERT INTO public.covariates VALUES ('num_users', '2026-12', 31);
INSERT INTO public.covariates VALUES ('num_users', '2026-13', 33);
INSERT INTO public.covariates VALUES ('num_users', '2026-14', 33);
INSERT INTO public.covariates VALUES ('num_users', '2026-15', 34);
INSERT INTO public.covariates VALUES ('num_users', '2026-16', 33);
INSERT INTO public.covariates VALUES ('num_users', '2026-17', 36);
INSERT INTO public.covariates VALUES ('num_users', '2026-18', 39);
INSERT INTO public.covariates VALUES ('num_users', '2026-19', 39);
INSERT INTO public.covariates VALUES ('num_users', '2026-20', 40);
INSERT INTO public.covariates VALUES ('num_users', '2026-21', 44);
INSERT INTO public.covariates VALUES ('num_users', '2026-22', 42);
INSERT INTO public.covariates VALUES ('num_users', '2026-23', 42);
INSERT INTO public.covariates VALUES ('num_users', '2026-24', 44);
INSERT INTO public.covariates VALUES ('num_users', '2026-25', 48);
INSERT INTO public.covariates VALUES ('num_users', '2026-26', 48);
INSERT INTO public.covariates VALUES ('num_users', '2026-27', 49);
INSERT INTO public.covariates VALUES ('num_users', '2026-28', 46);
INSERT INTO public.covariates VALUES ('workday_frac', '2025-49', 1);
INSERT INTO public.covariates VALUES ('workday_frac', '2025-50', 0.8);
INSERT INTO public.covariates VALUES ('workday_frac', '2025-51', 1);
INSERT INTO public.covariates VALUES ('workday_frac', '2025-52', 1);
INSERT INTO public.covariates VALUES ('workday_frac', '2026-01', 0.8);
INSERT INTO public.covariates VALUES ('workday_frac', '2026-02', 1);
INSERT INTO public.covariates VALUES ('workday_frac', '2026-03', 1);
INSERT INTO public.covariates VALUES ('workday_frac', '2026-04', 1);
INSERT INTO public.covariates VALUES ('workday_frac', '2026-05', 1);
INSERT INTO public.covariates VALUES ('workday_frac', '2026-06', 1);
INSERT INTO public.covariates VALUES ('workday_frac', '2026-07', 1);
INSERT INTO public.covariates VALUES ('workday_frac', '2026-08', 1);
INSERT INTO public.covariates VALUES ('workday_frac', '2026-09', 1);
INSERT INTO public.covariates VALUES ('workday_frac', '2026-10', 0.8);
INSERT INTO public.covariates VALUES ('workday_frac', '2026-11', 1);
INSERT INTO public.covariates VALUES ('workday_frac', '2026-12', 1);
INSERT INTO public.covariates VALUES ('workday_frac', '2026-13', 1);
INSERT INTO public.covariates VALUES ('workday_frac', '2026-14', 1);
INSERT INTO public.covariates VALUES ('workday_frac', '2026-15', 1);
INSERT INTO public.covariates VALUES ('workday_frac', '2026-16', 1);
INSERT INTO public.covariates VALUES ('workday_frac', '2026-17', 1);
INSERT INTO public.covariates VALUES ('workday_frac', '2026-18', 1);
INSERT INTO public.covariates VALUES ('workday_frac', '2026-19', 1);
INSERT INTO public.covariates VALUES ('workday_frac', '2026-20', 1);
INSERT INTO public.covariates VALUES ('workday_frac', '2026-21', 1);
INSERT INTO public.covariates VALUES ('workday_frac', '2026-22', 1);
INSERT INTO public.covariates VALUES ('workday_frac', '2026-23', 0.6);
INSERT INTO public.covariates VALUES ('workday_frac', '2026-24', 1);
INSERT INTO public.covariates VALUES ('workday_frac', '2026-25', 1);
INSERT INTO public.covariates VALUES ('workday_frac', '2026-26', 1);
INSERT INTO public.covariates VALUES ('workday_frac', '2026-27', 1);
INSERT INTO public.covariates VALUES ('workday_frac', '2026-28', 1);


--
-- Name: clusters_id_seq; Type: SEQUENCE SET; Schema: public; Owner: -
--

SELECT pg_catalog.setval('public.clusters_id_seq', 1, false);


--
-- Name: kudos_id_seq; Type: SEQUENCE SET; Schema: public; Owner: -
--

SELECT pg_catalog.setval('public.kudos_id_seq', 886, true);


--
-- PostgreSQL database dump complete
--

\unrestrict 4dS8VW6nLtrUlK05ml3I8raXMY7ysFRC02XGMLblNtqA8BaswEj1HE0gT8of9lr

